episode,return
1,-0.2000000000000004
2,-1.24
3,-1.52
4,-1.6400000000000001
5,0.6799999999999999
6,-1.6800000000000002
7,-1.2
8,-1.52
9,-1.7600000000000002
10,-2.24
11,-1.4
12,-3.040000000000001
13,-0.16000000000000036
14,-2.0
15,-4.000000000000003
16,0.23999999999999988
17,-1.7600000000000002
18,-1.52
19,0.64
20,-1.44
21,-3.080000000000001
22,-1.28
23,-1.2
24,-0.6800000000000008
25,0.44000000000000006
26,-1.8800000000000003
27,-1.2
28,-1.7200000000000002
29,0.0399999999999997
30,-2.8400000000000007
31,0.1599999999999998
32,0.23999999999999988
33,0.23999999999999988
34,-2.16
35,-2.880000000000001
36,0.6799999999999999
37,-1.7200000000000002
38,0.11999999999999977
39,0.4800000000000001
40,-1.52
41,0.64
42,-0.16000000000000036
43,-2.080000000000002
44,-1.28
45,-1.16
46,-1.3599999999999999
47,-1.7200000000000002
48,-2.24
49,-1.6800000000000002
50,0.07999999999999974
51,0.44000000000000006
52,-0.4000000000000006
53,0.4
54,-0.04000000000000026
55,0.72
56,-1.24
57,0.56
58,-0.5600000000000007
59,-1.8400000000000003
60,-0.16000000000000036
61,0.44000000000000006
62,-1.48
63,-1.2
64,0.19999999999999984
65,0.19999999999999984
66,-1.56
67,-1.8400000000000003
68,0.44000000000000006
69,-1.6400000000000001
70,0.6000000000000001
71,-0.7200000000000009
72,0.31999999999999995
73,-1.32
74,0.6000000000000001
75,-1.44
76,0.44000000000000006
77,-2.8000000000000007
78,-1.56
79,-1.3599999999999999
80,0.76
81,-1.56
82,-0.28000000000000047
83,-2.12
84,-1.24
85,-2.2
86,-1.16
87,-0.16000000000000036
88,-1.9200000000000004
89,-1.160000000000001
90,-0.2000000000000004
91,-0.4000000000000006
92,-1.120000000000001
93,0.64
94,-1.3599999999999999
95,-1.7200000000000002
96,0.8
97,-2.6800000000000024
98,0.23999999999999988
99,0.64
100,-1.9600000000000004
101,-1.44
102,-1.7600000000000002
103,-2.16
104,-2.8000000000000007
105,0.4
106,-1.9600000000000004
107,0.1599999999999998
108,0.56
109,0.19999999999999984
110,0.36
111,-1.9600000000000004
112,-1.16
113,0.72
114,-0.04000000000000026
115,0.64
116,-1.16
117,-1.16
118,0.31999999999999995
119,-2.360000000000002
120,-0.6000000000000008
121,-1.24
122,-0.0800000000000003
123,-1.8400000000000003
124,0.0399999999999997
125,0.72
126,0.31999999999999995
127,0.56
128,0.72
129,-0.8000000000000009
130,-1.080000000000001
131,-0.24000000000000044
132,0.4800000000000001
133,-1.4
134,-1.16
135,-1.8400000000000003
136,-1.7600000000000002
137,0.0399999999999997
138,0.4800000000000001
139,-1.44
140,-1.4800000000000013
141,0.56
142,0.72
143,0.36
144,0.44000000000000006
145,-1.3599999999999999
146,0.44000000000000006
147,0.6799999999999999
148,0.8
149,0.44000000000000006
150,0.07999999999999974
151,0.31999999999999995
152,-1.32
153,0.11999999999999977
154,-2.3200000000000003
155,0.2799999999999999
156,-0.16000000000000036
157,-1.2
158,0.44000000000000006
159,-0.2000000000000004
160,-0.840000000000001
161,0.8
162,-2.0
163,-3.160000000000001
164,0.07999999999999974
165,0.6000000000000001
166,0.6799999999999999
167,-1.12
168,0.0399999999999997
169,0.72
170,0.6000000000000001
171,0.23999999999999988
172,0.36
173,-2.220446049250313e-16
174,0.56
175,-0.5200000000000007
176,0.0399999999999997
177,-0.7200000000000009
178,-1.7200000000000002
179,-1.7200000000000002
180,0.4
181,-1.44
182,0.23999999999999988
183,0.52
184,-1.24
185,0.0399999999999997
186,0.11999999999999977
187,-0.04000000000000026
188,0.72
189,-2.3600000000000003
190,-1.6400000000000015
191,0.52
192,0.56
193,0.64
194,0.76
195,-1.44
196,-0.3200000000000005
197,0.36
198,-1.44
199,0.76
200,-2.220446049250313e-16
201,-1.8800000000000003
202,0.36
203,0.23999999999999988
204,0.72
205,-1.28
206,-0.04000000000000026
207,0.56
208,-0.04000000000000026
209,0.23999999999999988
210,0.1599999999999998
211,0.1599999999999998
212,-0.4000000000000006
213,-1.4
214,0.31999999999999995
215,0.31999999999999995
216,-2.12
217,0.2799999999999999
218,-1.6800000000000002
219,0.19999999999999984
220,-1.7600000000000002
221,-1.44
222,0.1599999999999998
223,-1.48
224,0.11999999999999977
225,-0.24000000000000044
226,0.36
227,0.36
228,0.56
229,0.8
230,-0.2000000000000004
231,0.8
232,-1.24
233,0.6799999999999999
234,-0.24000000000000044
235,-1.2
236,0.8
237,-0.0800000000000003
238,-1.2
239,0.52
240,-0.48000000000000065
241,0.76
242,-0.04000000000000026
243,0.4
244,0.52
245,-1.240000000000001
246,-0.0800000000000003
247,0.07999999999999974
248,0.76
249,-1.9200000000000004
250,0.72
251,0.36
252,0.36
253,-0.04000000000000026
254,0.36
255,0.8
256,0.6799999999999999
257,0.8
258,0.64
259,-1.3599999999999999
260,0.52
261,0.36
262,0.44000000000000006
263,0.2799999999999999
264,0.52
265,0.2799999999999999
266,0.72
267,0.56
268,-1.44
269,0.4800000000000001
270,0.36
271,0.2799999999999999
272,0.07999999999999974
273,0.8
274,-2.220446049250313e-16
275,0.76
276,0.64
277,0.6799999999999999
278,0.8
279,0.56
280,-0.28000000000000047
281,0.8
282,0.4800000000000001
283,0.4800000000000001
284,-1.32
285,0.4800000000000001
286,0.1599999999999998
287,0.6000000000000001
288,0.4800000000000001
289,0.36
290,0.52
291,-1.2
292,0.1599999999999998
293,0.76
294,0.19999999999999984
295,0.31999999999999995
296,0.0399999999999997
297,-0.36000000000000054
298,0.6000000000000001
299,0.52
300,0.72
301,0.76
302,0.76
303,0.72
304,0.52
305,-0.2000000000000004
306,0.4
307,0.64
308,0.72
309,0.4
310,0.4
311,0.07999999999999974
312,0.36
313,0.64
314,0.11999999999999977
315,0.76
316,0.44000000000000006
317,-1.3599999999999999
318,-1.2
319,0.64
320,0.23999999999999988
321,0.64
322,0.8
323,-0.24000000000000044
324,-1.28
325,0.23999999999999988
326,0.8
327,0.36
328,0.76
329,0.52
330,-1.28
331,0.76
332,-1.32
333,0.64
334,0.4800000000000001
335,0.1599999999999998
336,0.76
337,0.52
338,0.4800000000000001
339,0.64
340,0.76
341,-0.6400000000000008
342,0.6000000000000001
343,0.11999999999999977
344,0.64
345,0.07999999999999974
346,0.6000000000000001
347,0.6799999999999999
348,0.6000000000000001
349,-0.4400000000000006
350,0.76
351,0.6799999999999999
352,0.52
353,0.6000000000000001
354,0.2799999999999999
355,0.19999999999999984
356,-1.7200000000000002
357,0.8
358,0.76
359,0.72
360,0.52
361,0.4800000000000001
362,-0.5600000000000007
363,0.36
364,0.6000000000000001
365,0.56
366,0.6000000000000001
367,0.72
368,0.64
369,-1.16
370,0.2799999999999999
371,0.2799999999999999
372,0.6000000000000001
373,-1.3599999999999999
374,0.56
375,-0.5600000000000007
376,0.64
377,-1.32
378,0.36
379,0.72
380,0.6000000000000001
381,0.72
382,0.36
383,0.64
384,-0.04000000000000026
385,0.76
386,0.64
387,0.19999999999999984
388,0.72
389,0.6799999999999999
390,0.56
391,0.4
392,0.52
393,0.6000000000000001
394,0.4
395,-1.2
396,-1.24
397,-0.36000000000000054
398,0.56
399,0.8
400,0.8
401,0.36
402,-1.28
403,-1.12
404,0.56
405,0.4800000000000001
406,0.44000000000000006
407,0.8
408,0.6000000000000001
409,0.76
410,0.76
411,0.76
412,0.52
413,0.76
414,0.8
415,0.72
416,-1.2
417,0.56
418,0.6799999999999999
419,0.64
420,0.76
421,0.64
422,0.76
423,0.72
424,0.64
425,0.6799999999999999
426,0.6799999999999999
427,0.31999999999999995
428,-1.2
429,0.4800000000000001
430,0.4800000000000001
431,0.76
432,0.8
433,0.52
434,0.6799999999999999
435,0.23999999999999988
436,0.36
437,0.76
438,0.72
439,0.76
440,0.52
441,0.8
442,0.56
443,0.4800000000000001
444,0.6000000000000001
445,0.8
446,0.8
447,0.2799999999999999
448,0.6799999999999999
449,0.64
450,-1.24
451,0.8
452,0.36
453,0.76
454,0.6799999999999999
455,0.6799999999999999
456,0.64
457,0.72
458,0.8
459,0.56
460,0.76
461,0.8
462,0.64
463,0.76
464,0.8
465,0.72
466,0.76
467,0.36
468,0.64
469,0.23999999999999988
470,0.6000000000000001
471,0.72
472,0.8
473,0.72
474,0.6000000000000001
475,0.64
476,0.44000000000000006
477,0.6799999999999999
478,0.8
479,0.52
480,0.52
481,0.52
482,0.8
483,0.72
484,0.56
485,-1.44
486,0.6799999999999999
487,0.72
488,0.8
489,0.19999999999999984
490,0.6000000000000001
491,-1.16
492,0.4800000000000001
493,0.36
494,0.8
495,0.52
496,0.72
497,0.52
498,0.6799999999999999
499,0.52
500,0.64
501,0.4800000000000001
502,0.6799999999999999
503,0.6000000000000001
504,0.52
505,0.76
506,0.72
507,0.4800000000000001
508,0.72
509,0.72
510,0.52
511,0.64
512,0.76
513,0.4800000000000001
514,0.64
515,0.72
516,0.76
517,0.56
518,0.6000000000000001
519,0.76
520,0.52
521,0.52
522,0.8
523,0.8
524,0.1599999999999998
525,0.6000000000000001
526,0.72
527,0.64
528,0.56
529,0.8
530,0.6799999999999999
531,0.64
532,-1.2
533,0.6799999999999999
534,0.4800000000000001
535,0.72
536,0.8
537,0.8
538,0.8
539,0.64
540,0.8
541,0.64
542,0.36
543,0.6000000000000001
544,0.56
545,0.6000000000000001
546,0.76
547,0.4800000000000001
548,0.36
549,0.8
550,0.4800000000000001
551,0.36
552,0.6799999999999999
553,0.76
554,0.72
555,-1.2
556,0.6799999999999999
557,0.64
558,0.44000000000000006
559,0.64
560,0.8
561,0.56
562,0.6799999999999999
563,0.64
564,0.52
565,0.8
566,0.8
567,0.76
568,0.6799999999999999
569,0.6799999999999999
570,0.23999999999999988
571,0.6799999999999999
572,0.6000000000000001
573,0.31999999999999995
574,0.6000000000000001
575,0.76
576,0.8
577,0.72
578,0.56
579,0.76
580,0.8
581,0.44000000000000006
582,0.72
583,0.72
584,0.64
585,0.72
586,0.31999999999999995
587,0.56
588,0.56
589,0.52
590,0.76
591,0.8
592,0.72
593,0.72
594,0.76
595,0.56
596,-0.28000000000000047
597,0.52
598,0.8
599,0.52
600,0.8
601,0.72
602,0.31999999999999995
603,0.4800000000000001
604,0.72
605,0.6000000000000001
606,0.44000000000000006
607,0.56
608,0.76
609,0.6000000000000001
610,0.56
611,0.56
612,0.4800000000000001
613,0.6000000000000001
614,0.6000000000000001
615,0.72
616,0.8
617,0.56
618,0.8
619,0.6799999999999999
620,0.2799999999999999
621,0.8
622,0.8
623,0.76
624,0.4
625,0.8
626,0.44000000000000006
627,0.6000000000000001
628,0.72
629,0.6000000000000001
630,0.76
631,0.76
632,0.8
633,0.4
634,0.72
635,0.44000000000000006
636,0.2799999999999999
637,0.6799999999999999
638,0.72
639,0.72
640,0.23999999999999988
641,0.52
642,0.44000000000000006
643,0.8
644,0.72
645,0.52
646,0.72
647,0.6799999999999999
648,0.72
649,0.8
650,0.64
651,0.72
652,0.6000000000000001
653,0.36
654,0.64
655,0.72
656,0.6799999999999999
657,0.64
658,0.6799999999999999
659,0.6000000000000001
660,0.8
661,0.72
662,0.4800000000000001
663,0.64
664,0.76
665,0.64
666,0.76
667,0.72
668,0.64
669,0.72
670,0.72
671,0.44000000000000006
672,0.8
673,0.76
674,0.76
675,0.52
676,0.64
677,0.8
678,-1.7600000000000002
679,0.4800000000000001
680,0.6000000000000001
681,0.76
682,0.8
683,0.8
684,0.56
685,0.8
686,0.8
687,0.8
688,0.8
689,0.2799999999999999
690,0.8
691,0.6799999999999999
692,0.76
693,0.8
694,0.6000000000000001
695,0.8
696,0.72
697,0.52
698,0.72
699,0.8
700,0.76
701,-1.12
702,0.76
703,0.8
704,0.8
705,0.52
706,0.6000000000000001
707,0.8
708,0.72
709,0.72
710,0.6799999999999999
711,0.72
712,0.8
713,0.6799999999999999
714,0.8
715,0.6799999999999999
716,0.6799999999999999
717,0.8
718,0.76
719,0.8
720,0.8
721,0.56
722,0.72
723,0.64
724,0.76
725,0.64
726,0.8
727,0.8
728,0.76
729,0.8
730,0.72
731,0.8
732,-1.28
733,0.8
734,0.72
735,0.8
736,0.56
737,0.64
738,0.4800000000000001
739,0.76
740,0.8
741,0.8
742,0.64
743,0.76
744,0.72
745,0.56
746,0.8
747,0.44000000000000006
748,0.72
749,0.6799999999999999
750,0.72
751,0.64
752,0.8
753,0.72
754,0.6799999999999999
755,0.64
756,0.76
757,0.8
758,0.6799999999999999
759,0.8
760,0.64
761,0.56
762,0.56
763,0.6000000000000001
764,0.72
765,0.8
766,0.6799999999999999
767,0.6799999999999999
768,0.8
769,0.4800000000000001
770,0.76
771,0.56
772,0.72
773,0.64
774,0.6799999999999999
775,0.8
776,0.72
777,0.8
778,0.8
779,0.76
780,0.8
781,0.52
782,0.72
783,0.8
784,-1.16
785,0.8
786,0.72
787,0.44000000000000006
788,0.72
789,0.8
790,0.72
791,0.6799999999999999
792,0.8
793,0.8
794,0.72
795,0.8
796,0.52
797,0.76
798,0.76
799,0.76
800,0.76
801,0.52
802,0.52
803,0.64
804,0.8
805,0.6000000000000001
806,0.76
807,0.72
808,0.76
809,0.6799999999999999
810,0.8
811,0.8
812,0.6799999999999999
813,0.8
814,0.8
815,0.72
816,0.72
817,0.6000000000000001
818,0.72
819,0.8
820,0.72
821,-1.12
822,0.72
823,0.72
824,0.76
825,0.64
826,0.8
827,0.8
828,0.64
829,0.64
830,0.8
831,0.6000000000000001
832,0.64
833,0.64
834,0.64
835,0.6000000000000001
836,0.6799999999999999
837,0.76
838,0.64
839,0.6799999999999999
840,0.8
841,0.72
842,0.76
843,0.8
844,-1.24
845,0.6799999999999999
846,0.56
847,0.56
848,0.52
849,0.8
850,0.6799999999999999
851,0.4800000000000001
852,0.72
853,0.6799999999999999
854,0.8
855,0.8
856,0.64
857,0.72
858,0.56
859,0.56
860,0.76
861,0.8
862,0.8
863,0.72
864,0.8
865,0.6000000000000001
866,0.56
867,0.76
868,0.8
869,0.8
870,0.52
871,0.8
872,0.6000000000000001
873,0.8
874,0.6799999999999999
875,0.72
876,0.76
877,0.56
878,0.44000000000000006
879,0.72
880,0.8
881,0.8
882,0.8
883,0.72
884,0.72
885,0.8
886,0.64
887,0.56
888,0.76
889,0.8
890,0.76
891,0.72
892,0.8
893,0.6799999999999999
894,0.64
895,0.76
896,0.72
897,0.64
898,0.72
899,0.76
900,0.76
901,0.8
902,0.76
903,0.8
904,0.72
905,0.76
906,0.76
907,0.8
908,0.76
909,0.6000000000000001
910,0.72
911,0.72
912,0.52
913,0.76
914,0.76
915,0.72
916,0.56
917,0.6799999999999999
918,0.8
919,0.76
920,0.64
921,0.64
922,0.72
923,0.64
924,0.76
925,0.8
926,0.8
927,0.76
928,0.8
929,0.8
930,0.56
931,0.56
932,0.64
933,0.8
934,0.72
935,0.6799999999999999
936,0.6799999999999999
937,0.76
938,0.56
939,0.64
940,0.64
941,0.76
942,0.72
943,0.8
944,0.8
945,0.52
946,0.8
947,0.72
948,0.76
949,0.4800000000000001
950,0.8
951,0.64
952,0.8
953,0.8
954,0.72
955,0.8
956,0.76
957,0.8
958,0.6799999999999999
959,0.56
960,0.8
961,0.8
962,0.8
963,0.8
964,0.8
965,0.72
966,0.72
967,0.8
968,0.76
969,0.8
970,0.8
971,0.6799999999999999
972,0.8
973,0.72
974,0.76
975,0.6799999999999999
976,0.8
977,0.8
978,0.76
979,0.8
980,0.72
981,0.6799999999999999
982,0.44000000000000006
983,0.8
984,0.8
985,0.8
986,0.64
987,0.6000000000000001
988,0.6799999999999999
989,0.76
990,0.52
991,0.8
992,0.8
993,0.44000000000000006
994,0.8
995,0.8
996,0.6799999999999999
997,0.8
998,0.8
999,0.8
1000,0.8
1001,0.72
1002,0.72
1003,0.64
1004,0.6799999999999999
1005,0.76
1006,0.8
1007,0.72
1008,0.8
1009,0.8
1010,0.72
1011,0.52
1012,0.8
1013,0.8
1014,0.64
1015,0.72
1016,0.72
1017,0.8
1018,0.8
1019,-1.12
1020,0.72
1021,0.8
1022,0.8
1023,0.72
1024,0.8
1025,0.64
1026,0.6799999999999999
1027,0.8
1028,0.6000000000000001
1029,0.76
1030,0.8
1031,0.8
1032,0.8
1033,0.6799999999999999
1034,0.64
1035,0.56
1036,0.72
1037,0.64
1038,0.72
1039,0.64
1040,0.8
1041,0.52
1042,0.72
1043,0.76
1044,0.76
1045,0.8
1046,0.8
1047,0.72
1048,0.8
1049,0.8
1050,0.72
1051,0.8
1052,0.76
1053,0.56
1054,0.8
1055,0.8
1056,0.64
1057,0.72
1058,0.64
1059,0.76
1060,0.72
1061,0.8
1062,0.8
1063,0.8
1064,0.72
1065,0.52
1066,0.8
1067,0.8
1068,0.76
1069,0.6799999999999999
1070,0.72
1071,0.76
1072,0.8
1073,0.72
1074,0.64
1075,0.76
1076,0.8
1077,0.72
1078,0.76
1079,0.64
1080,0.8
1081,0.8
1082,0.76
1083,0.72
1084,0.8
1085,0.8
1086,0.52
1087,0.76
1088,0.64
1089,0.64
1090,0.8
1091,0.72
1092,0.8
1093,0.64
1094,0.8
1095,0.72
1096,0.72
1097,0.8
1098,0.8
1099,0.76
1100,0.76
1101,0.8
1102,0.56
1103,0.8
1104,0.64
1105,0.56
1106,0.4
1107,0.8
1108,0.76
1109,0.72
1110,0.8
1111,0.8
1112,0.76
1113,0.72
1114,0.8
1115,0.8
1116,0.8
1117,0.64
1118,0.8
1119,0.8
1120,0.8
1121,0.8
1122,0.8
1123,0.6799999999999999
1124,0.64
1125,0.8
1126,0.76
1127,0.72
1128,0.8
1129,0.8
1130,0.76
1131,0.8
1132,0.72
1133,0.8
1134,0.8
1135,0.8
1136,0.8
1137,0.64
1138,0.76
1139,0.8
1140,0.6799999999999999
1141,0.8
1142,0.56
1143,0.8
1144,0.8
1145,0.72
1146,0.8
1147,0.8
1148,0.8
1149,0.72
1150,0.64
1151,0.72
1152,0.8
1153,0.8
1154,0.72
1155,0.8
1156,0.8
1157,0.72
1158,0.72
1159,0.64
1160,0.8
1161,0.8
1162,0.72
1163,0.72
1164,0.56
1165,0.8
1166,0.8
1167,0.8
1168,0.8
1169,0.8
1170,0.72
1171,0.6799999999999999
1172,0.72
1173,0.8
1174,0.76
1175,0.8
1176,0.72
1177,0.72
1178,0.8
1179,0.8
1180,0.8
1181,0.76
1182,0.72
1183,-1.24
1184,0.56
1185,0.72
1186,0.6000000000000001
1187,0.72
1188,0.8
1189,0.8
1190,0.8
1191,0.8
1192,0.76
1193,0.8
1194,0.8
1195,0.8
1196,0.8
1197,0.8
1198,0.8
1199,0.6799999999999999
1200,0.8
1201,0.8
1202,0.8
1203,0.72
1204,0.72
1205,0.72
1206,0.8
1207,0.64
1208,0.8
1209,0.8
1210,0.8
1211,0.6799999999999999
1212,0.6799999999999999
1213,0.8
1214,0.8
1215,0.64
1216,0.8
1217,0.8
1218,0.72
1219,0.8
1220,0.8
1221,0.8
1222,0.72
1223,0.72
1224,0.8
1225,0.8
1226,0.72
1227,0.72
1228,0.8
1229,0.8
1230,0.8
1231,0.8
1232,0.8
1233,0.8
1234,0.76
1235,0.64
1236,0.76
1237,0.8
1238,0.8
1239,0.72
1240,0.8
1241,0.72
1242,0.8
1243,0.72
1244,0.72
1245,0.8
1246,0.72
1247,0.56
1248,0.8
1249,0.8
1250,0.76
1251,0.8
1252,0.8
1253,0.8
1254,0.76
1255,0.76
1256,0.8
1257,0.8
1258,0.76
1259,0.8
1260,0.8
1261,0.8
1262,0.8
1263,0.8
1264,0.64
1265,0.64
1266,0.8
1267,0.8
1268,0.56
1269,0.8
1270,0.8
1271,0.56
1272,0.6799999999999999
1273,0.76
1274,0.76
1275,0.8
1276,0.8
1277,0.8
1278,0.8
1279,0.8
1280,0.76
1281,0.8
1282,0.8
1283,0.72
1284,0.8
1285,0.6799999999999999
1286,0.6799999999999999
1287,0.8
1288,0.72
1289,0.8
1290,0.76
1291,0.8
1292,0.72
1293,0.76
1294,0.8
1295,0.8
1296,0.72
1297,0.8
1298,0.8
1299,0.72
1300,0.8
1301,0.76
1302,0.56
1303,0.72
1304,-1.28
1305,0.8
1306,0.8
1307,0.8
1308,0.8
1309,0.6799999999999999
1310,0.8
1311,0.8
1312,0.8
1313,0.8
1314,0.8
1315,0.8
1316,0.8
1317,0.72
1318,0.8
1319,0.8
1320,0.8
1321,0.72
1322,0.64
1323,0.72
1324,0.8
1325,0.72
1326,0.8
1327,0.8
1328,0.6799999999999999
1329,0.8
1330,0.72
1331,0.8
1332,0.8
1333,0.76
1334,0.8
1335,0.8
1336,0.72
1337,0.72
1338,0.8
1339,0.8
1340,0.8
1341,0.8
1342,0.8
1343,0.72
1344,0.8
1345,0.8
1346,0.8
1347,0.8
1348,0.8
1349,0.8
1350,0.72
1351,0.72
1352,0.72
1353,0.72
1354,0.72
1355,0.8
1356,0.8
1357,0.72
1358,0.8
1359,0.72
1360,0.8
1361,0.8
1362,0.76
1363,0.8
1364,0.52
1365,0.76
1366,0.72
1367,0.8
1368,0.76
1369,0.8
1370,0.8
1371,0.76
1372,0.8
1373,0.64
1374,0.8
1375,0.8
1376,0.72
1377,0.76
1378,0.8
1379,0.8
1380,0.76
1381,0.8
1382,0.72
1383,0.8
1384,0.6799999999999999
1385,0.64
1386,0.8
1387,0.76
1388,0.8
1389,0.72
1390,0.8
1391,0.72
1392,0.8
1393,0.6799999999999999
1394,0.6799999999999999
1395,0.76
1396,0.8
1397,0.8
1398,0.72
1399,0.8
1400,0.8
1401,0.8
1402,0.8
1403,0.8
1404,0.8
1405,0.8
1406,0.8
1407,0.8
1408,0.8
1409,0.64
1410,0.8
1411,0.72
1412,0.8
1413,0.8
1414,0.72
1415,0.8
1416,0.6799999999999999
1417,0.6799999999999999
1418,0.72
1419,0.8
1420,0.8
1421,0.8
1422,0.8
1423,0.8
1424,0.8
1425,0.72
1426,0.8
1427,0.8
1428,0.8
1429,0.8
1430,0.8
1431,0.8
1432,0.8
1433,0.72
1434,0.8
1435,0.76
1436,0.72
1437,0.8
1438,0.64
1439,0.8
1440,0.8
1441,0.8
1442,0.8
1443,0.72
1444,0.6799999999999999
1445,0.72
1446,0.8
1447,0.72
1448,0.8
1449,0.8
1450,0.8
1451,0.8
1452,0.8
1453,0.8
1454,0.8
1455,0.76
1456,0.8
1457,0.8
1458,0.8
1459,0.8
1460,0.64
1461,0.8
1462,0.76
1463,0.8
1464,0.6799999999999999
1465,0.8
1466,0.72
1467,0.8
1468,0.8
1469,0.8
1470,0.8
1471,0.76
1472,0.6799999999999999
1473,0.76
1474,0.6799999999999999
1475,0.76
1476,0.8
1477,0.8
1478,0.8
1479,0.8
1480,0.8
1481,0.72
1482,0.6799999999999999
1483,0.8
1484,0.76
1485,0.8
1486,0.76
1487,0.8
1488,0.8
1489,0.8
1490,0.6799999999999999
1491,0.8
1492,0.8
1493,0.8
1494,0.8
1495,0.8
1496,0.8
1497,0.8
1498,0.8
1499,0.72
1500,0.8
1501,0.8
1502,0.72
1503,0.72
1504,0.8
1505,0.72
1506,0.8
1507,0.72
1508,0.8
1509,0.72
1510,0.8
1511,0.8
1512,0.8
1513,0.8
1514,0.8
1515,0.8
1516,0.72
1517,0.72
1518,0.8
1519,0.72
1520,0.8
1521,0.8
1522,0.8
1523,0.8
1524,0.8
1525,0.8
1526,0.8
1527,0.76
1528,0.8
1529,0.8
1530,0.8
1531,0.8
1532,0.76
1533,0.76
1534,-1.12
1535,0.8
1536,0.8
1537,0.8
1538,0.76
1539,0.8
1540,0.8
1541,0.8
1542,0.8
1543,0.8
1544,0.8
1545,0.76
1546,0.76
1547,0.8
1548,0.76
1549,0.76
1550,0.8
1551,0.8
1552,0.76
1553,0.72
1554,0.6000000000000001
1555,0.8
1556,0.6799999999999999
1557,0.8
1558,0.8
1559,0.8
1560,0.8
1561,0.8
1562,0.8
1563,0.76
1564,0.8
1565,0.8
1566,0.8
1567,0.8
1568,0.8
1569,0.8
1570,0.8
1571,0.8
1572,0.8
1573,0.8
1574,0.76
1575,0.8
1576,0.8
1577,0.6799999999999999
1578,0.8
1579,0.72
1580,0.8
1581,0.8
1582,0.72
1583,0.8
1584,0.72
1585,0.8
1586,0.76
1587,0.8
1588,0.8
1589,0.8
1590,0.72
1591,0.8
1592,0.8
1593,0.8
1594,0.6799999999999999
1595,0.8
1596,0.8
1597,0.8
1598,0.8
1599,0.72
1600,0.72
1601,0.76
1602,0.8
1603,0.8
1604,0.8
1605,0.72
1606,0.8
1607,0.8
1608,0.8
1609,0.8
1610,0.8
1611,0.8
1612,0.72
1613,0.8
1614,0.8
1615,0.8
1616,0.8
1617,0.8
1618,0.8
1619,0.8
1620,0.8
1621,0.8
1622,0.8
1623,0.8
1624,0.8
1625,0.8
1626,0.8
1627,0.8
1628,0.76
1629,0.8
1630,0.8
1631,0.8
1632,0.8
1633,0.8
1634,0.64
1635,0.8
1636,0.8
1637,0.8
1638,0.8
1639,0.8
1640,0.8
1641,0.8
1642,0.8
1643,0.8
1644,0.8
1645,0.8
1646,0.8
1647,0.8
1648,0.8
1649,0.8
1650,0.6000000000000001
1651,0.8
1652,0.8
1653,0.8
1654,0.8
1655,0.8
1656,0.8
1657,0.8
1658,0.8
1659,0.8
1660,0.76
1661,0.72
1662,0.8
1663,0.8
1664,0.8
1665,0.8
1666,0.8
1667,0.8
1668,0.8
1669,0.8
1670,0.8
1671,0.8
1672,0.8
1673,0.8
1674,0.8
1675,0.8
1676,0.8
1677,0.8
1678,0.8
1679,0.8
1680,0.64
1681,0.76
1682,0.8
1683,0.8
1684,0.8
1685,0.8
1686,0.72
1687,0.8
1688,0.8
1689,0.8
1690,0.8
1691,0.8
1692,0.8
1693,0.56
1694,0.8
1695,0.8
1696,0.76
1697,0.8
1698,0.8
1699,0.8
1700,0.8
1701,0.8
1702,0.8
1703,0.72
1704,0.8
1705,0.72
1706,0.72
1707,0.76
1708,0.8
1709,0.72
1710,0.8
1711,0.8
1712,0.8
1713,0.72
1714,0.8
1715,0.8
1716,0.56
1717,0.8
1718,0.8
1719,0.8
1720,0.72
1721,0.8
1722,0.8
1723,0.8
1724,0.76
1725,0.8
1726,0.8
1727,0.8
1728,0.8
1729,0.8
1730,0.8
1731,0.8
1732,0.8
1733,0.8
1734,0.8
1735,0.8
1736,0.8
1737,0.8
1738,0.8
1739,0.8
1740,0.8
1741,0.8
1742,0.72
1743,0.8
1744,0.8
1745,0.8
1746,0.72
1747,0.64
1748,0.8
1749,0.72
1750,0.8
1751,0.6799999999999999
1752,0.8
1753,0.8
1754,0.8
1755,0.8
1756,0.72
1757,0.8
1758,0.8
1759,0.72
1760,0.72
1761,0.8
1762,0.8
1763,0.72
1764,0.8
1765,0.8
1766,0.8
1767,0.8
1768,0.8
1769,0.8
1770,0.8
1771,0.8
1772,0.8
1773,0.8
1774,0.8
1775,0.8
1776,0.8
1777,0.8
1778,0.8
1779,0.8
1780,0.8
1781,0.72
1782,0.8
1783,0.8
1784,0.8
1785,0.8
1786,0.72
1787,0.8
1788,0.8
1789,0.8
1790,0.8
1791,0.8
1792,0.72
1793,0.8
1794,0.8
1795,0.8
1796,0.8
1797,0.8
1798,0.64
1799,0.8
1800,0.8
1801,0.8
1802,0.8
1803,0.72
1804,0.8
1805,0.8
1806,0.8
1807,0.72
1808,0.8
1809,0.8
1810,0.8
1811,0.6799999999999999
1812,0.8
1813,0.8
1814,0.8
1815,0.8
1816,0.8
1817,0.76
1818,0.8
1819,0.8
1820,0.8
1821,0.8
1822,0.64
1823,0.8
1824,0.8
1825,0.8
1826,0.8
1827,0.8
1828,0.76
1829,0.8
1830,0.8
1831,0.8
1832,0.8
1833,0.8
1834,0.72
1835,0.72
1836,0.8
1837,0.72
1838,0.8
1839,0.8
1840,0.8
1841,0.8
1842,0.8
1843,0.76
1844,0.8
1845,0.8
1846,0.8
1847,0.72
1848,0.8
1849,0.8
1850,0.8
1851,0.8
1852,0.8
1853,0.8
1854,0.8
1855,0.8
1856,0.8
1857,0.8
1858,0.8
1859,0.8
1860,0.76
1861,0.8
1862,0.8
1863,0.8
1864,0.76
1865,0.76
1866,0.72
1867,0.64
1868,0.8
1869,0.8
1870,0.8
1871,0.8
1872,0.8
1873,0.8
1874,0.8
1875,0.8
1876,0.8
1877,0.8
1878,0.8
1879,0.8
1880,0.8
1881,0.8
1882,0.8
1883,0.8
1884,0.8
1885,0.72
1886,0.8
1887,0.8
1888,0.8
1889,0.8
1890,0.8
1891,0.8
1892,0.8
1893,0.72
1894,0.76
1895,0.76
1896,0.8
1897,0.8
1898,0.8
1899,0.8
1900,0.8
1901,0.8
1902,0.8
1903,0.8
1904,0.8
1905,0.72
1906,0.8
1907,0.8
1908,0.8
1909,0.8
1910,0.72
1911,0.8
1912,0.8
1913,0.8
1914,0.8
1915,0.8
1916,0.8
1917,0.8
1918,0.72
1919,0.8
1920,0.8
1921,0.64
1922,0.8
1923,0.8
1924,0.8
1925,0.72
1926,0.8
1927,0.8
1928,0.76
1929,0.76
1930,0.8
1931,0.8
1932,0.72
1933,0.72
1934,0.8
1935,0.8
1936,0.8
1937,0.8
1938,0.8
1939,0.8
1940,0.8
1941,0.8
1942,0.8
1943,0.8
1944,0.8
1945,0.8
1946,0.8
1947,0.72
1948,0.8
1949,0.8
1950,0.8
1951,0.8
1952,0.8
1953,0.8
1954,0.8
1955,0.8
1956,0.8
1957,0.72
1958,0.8
1959,0.8
1960,0.8
1961,0.8
1962,0.8
1963,0.8
1964,0.72
1965,0.8
1966,0.8
1967,0.72
1968,0.8
1969,0.72
1970,0.8
1971,0.8
1972,0.72
1973,0.8
1974,0.8
1975,0.8
1976,0.8
1977,0.8
1978,0.8
1979,0.8
1980,0.8
1981,0.8
1982,0.8
1983,0.8
1984,0.8
1985,0.8
1986,0.8
1987,0.72
1988,0.8
1989,0.64
1990,0.8
1991,0.8
1992,0.8
1993,0.76
1994,0.8
1995,0.64
1996,0.6799999999999999
1997,0.8
1998,0.8
1999,0.8
2000,0.8
2001,0.8
2002,0.8
2003,0.8
2004,0.8
2005,0.8
2006,0.8
2007,0.8
2008,0.8
2009,0.8
2010,0.8
2011,0.8
2012,0.72
2013,0.8
2014,0.8
2015,0.8
2016,0.8
2017,0.8
2018,0.8
2019,0.8
2020,0.8
2021,0.8
2022,0.8
2023,0.8
2024,0.8
2025,0.8
2026,0.72
2027,0.8
2028,0.8
2029,0.6799999999999999
2030,0.8
2031,0.8
2032,0.8
2033,0.8
2034,0.8
2035,0.8
2036,0.8
2037,0.8
2038,0.76
2039,0.8
2040,0.8
2041,0.8
2042,0.8
2043,0.8
2044,0.8
2045,0.8
2046,0.8
2047,0.8
2048,0.8
2049,0.8
2050,0.8
2051,0.8
2052,0.8
2053,0.76
2054,0.6799999999999999
2055,0.8
2056,0.72
2057,0.8
2058,0.8
2059,0.8
2060,0.76
2061,0.8
2062,0.8
2063,0.8
2064,0.8
2065,0.8
2066,0.8
2067,0.8
2068,0.76
2069,0.8
2070,0.8
2071,0.8
2072,0.8
2073,0.8
2074,0.76
2075,0.8
2076,0.8
2077,0.8
2078,0.8
2079,0.8
2080,0.8
2081,0.8
2082,0.8
2083,0.72
2084,0.8
2085,0.8
2086,0.8
2087,0.8
2088,0.8
2089,0.8
2090,0.8
2091,0.8
2092,0.8
2093,0.64
2094,0.8
2095,0.8
2096,0.8
2097,0.8
2098,0.8
2099,0.8
2100,0.8
2101,0.8
2102,0.8
2103,0.8
2104,0.8
2105,0.8
2106,0.8
2107,0.76
2108,0.8
2109,0.76
2110,0.76
2111,0.8
2112,0.8
2113,0.8
2114,0.8
2115,0.8
2116,0.8
2117,0.8
2118,0.8
2119,0.72
2120,0.8
2121,0.8
2122,0.8
2123,0.8
2124,0.72
2125,0.8
2126,0.8
2127,0.8
2128,0.8
2129,0.76
2130,0.8
2131,0.8
2132,0.8
2133,0.8
2134,0.8
2135,0.8
2136,0.8
2137,0.64
2138,0.8
2139,0.72
2140,0.8
2141,0.8
2142,0.8
2143,0.8
2144,0.8
2145,0.72
2146,0.8
2147,0.8
2148,0.8
2149,0.8
2150,0.76
2151,0.8
2152,0.8
2153,0.8
2154,0.8
2155,0.8
2156,0.8
2157,0.8
2158,0.8
2159,0.8
2160,0.8
2161,0.8
2162,0.8
2163,0.8
2164,0.8
2165,0.64
2166,0.8
2167,0.8
2168,0.8
2169,0.8
2170,0.72
2171,0.8
2172,0.8
2173,0.8
2174,0.72
2175,0.8
2176,0.8
2177,0.8
2178,0.8
2179,0.8
2180,0.8
2181,0.76
2182,0.8
2183,0.72
2184,0.8
2185,0.8
2186,0.8
2187,0.8
2188,0.8
2189,0.72
2190,0.8
2191,0.8
2192,0.8
2193,0.8
2194,0.8
2195,0.8
2196,0.8
2197,0.8
2198,0.8
2199,0.8
2200,0.72
2201,0.8
2202,0.8
2203,0.76
2204,0.8
2205,0.8
2206,0.8
2207,0.8
2208,0.72
2209,0.8
2210,0.76
2211,0.8
2212,0.8
2213,0.8
2214,0.8
2215,0.76
2216,0.8
2217,0.8
2218,0.8
2219,0.8
2220,0.76
2221,0.64
2222,0.8
2223,0.76
2224,0.8
2225,0.8
2226,0.8
2227,0.72
2228,0.8
2229,0.8
2230,0.8
2231,0.8
2232,0.8
2233,0.8
2234,0.8
2235,0.8
2236,0.8
2237,0.8
2238,0.8
2239,0.8
2240,0.8
2241,0.72
2242,0.8
2243,0.76
2244,0.64
2245,0.8
2246,0.76
2247,0.8
2248,0.4800000000000001
2249,0.8
2250,0.8
2251,0.8
2252,0.8
2253,0.8
2254,0.76
2255,0.76
2256,0.8
2257,0.72
2258,0.8
2259,0.8
2260,0.8
2261,0.8
2262,0.8
2263,0.8
2264,0.8
2265,0.8
2266,0.8
2267,0.8
2268,0.8
2269,0.6799999999999999
2270,0.8
2271,0.8
2272,0.8
2273,0.8
2274,0.76
2275,0.8
2276,0.8
2277,0.8
2278,0.8
2279,0.8
2280,0.8
2281,0.8
2282,0.76
2283,0.76
2284,0.8
2285,0.8
2286,0.8
2287,0.8
2288,0.72
2289,0.8
2290,0.8
2291,0.8
2292,0.8
2293,0.64
2294,0.8
2295,0.8
2296,0.8
2297,0.72
2298,0.8
2299,0.8
2300,0.8
2301,0.8
2302,0.8
2303,0.8
2304,0.64
2305,0.8
2306,0.8
2307,0.8
2308,0.8
2309,0.8
2310,0.8
2311,0.8
2312,0.8
2313,0.8
2314,0.8
2315,0.8
2316,0.8
2317,0.8
2318,0.8
2319,0.8
2320,0.8
2321,0.8
2322,0.8
2323,0.8
2324,0.8
2325,0.8
2326,0.72
2327,0.8
2328,0.8
2329,0.8
2330,0.72
2331,0.8
2332,0.8
2333,0.8
2334,0.8
2335,0.76
2336,0.8
2337,0.8
2338,0.8
2339,0.8
2340,0.8
2341,0.8
2342,0.72
2343,0.8
2344,0.8
2345,0.8
2346,0.8
2347,0.8
2348,0.8
2349,0.72
2350,0.8
2351,0.8
2352,0.8
2353,0.8
2354,0.8
2355,0.8
2356,0.8
2357,0.8
2358,0.8
2359,0.8
2360,0.8
2361,0.8
2362,0.8
2363,0.8
2364,0.8
2365,0.8
2366,0.8
2367,0.72
2368,0.8
2369,0.8
2370,0.8
2371,0.72
2372,0.8
2373,0.8
2374,0.72
2375,0.72
2376,0.8
2377,0.8
2378,0.8
2379,0.8
2380,0.8
2381,0.8
2382,0.8
2383,0.8
2384,0.6799999999999999
2385,0.8
2386,0.8
2387,0.8
2388,0.8
2389,0.8
2390,0.8
2391,0.8
2392,0.8
2393,0.8
2394,0.8
2395,0.76
2396,0.8
2397,0.72
2398,0.8
2399,0.76
2400,0.8
2401,0.8
2402,0.8
2403,0.72
2404,0.8
2405,0.8
2406,0.8
2407,0.8
2408,0.72
2409,0.72
2410,0.8
2411,0.8
2412,0.8
2413,0.8
2414,0.8
2415,0.8
2416,0.8
2417,0.8
2418,0.8
2419,0.8
2420,0.72
2421,0.8
2422,0.8
2423,0.8
2424,0.8
2425,0.8
2426,0.8
2427,0.8
2428,0.8
2429,0.8
2430,0.8
2431,0.8
2432,0.8
2433,0.8
2434,0.8
2435,0.8
2436,0.8
2437,0.8
2438,0.8
2439,0.76
2440,0.8
2441,0.8
2442,0.76
2443,0.8
2444,0.8
2445,0.8
2446,0.8
2447,0.8
2448,0.8
2449,0.8
2450,0.8
2451,0.76
2452,0.72
2453,0.72
2454,0.8
2455,0.8
2456,0.6799999999999999
2457,0.8
2458,0.8
2459,0.8
2460,0.8
2461,0.8
2462,0.8
2463,0.8
2464,0.8
2465,0.8
2466,0.8
2467,0.8
2468,0.8
2469,0.8
2470,0.8
2471,0.8
2472,0.8
2473,0.8
2474,0.8
2475,0.8
2476,0.8
2477,0.8
2478,0.8
2479,0.8
2480,0.76
2481,0.8
2482,0.8
2483,0.76
2484,0.8
2485,0.8
2486,0.8
2487,0.8
2488,0.8
2489,0.8
2490,0.8
2491,0.8
2492,0.72
2493,0.8
2494,0.8
2495,0.8
2496,0.72
2497,0.8
2498,0.8
2499,0.8
2500,0.8
2501,0.8
2502,0.8
2503,0.8
2504,0.8
2505,0.8
2506,0.8
2507,0.8
2508,0.8
2509,0.8
2510,0.72
2511,0.72
2512,0.8
2513,0.8
2514,0.8
2515,0.8
2516,0.8
2517,0.72
2518,0.8
2519,0.8
2520,0.72
2521,0.8
2522,0.8
2523,0.8
2524,0.72
2525,0.8
2526,0.8
2527,0.8
2528,0.8
2529,0.8
2530,0.76
2531,0.8
2532,0.8
2533,0.8
2534,0.8
2535,0.8
2536,0.8
2537,0.8
2538,0.8
2539,0.8
2540,0.8
2541,0.8
2542,0.8
2543,0.8
2544,0.72
2545,0.8
2546,0.8
2547,0.8
2548,0.8
2549,0.8
2550,0.8
2551,0.8
2552,0.8
2553,0.8
2554,0.8
2555,0.8
2556,0.8
2557,0.8
2558,0.8
2559,0.76
2560,0.8
2561,0.8
2562,0.8
2563,0.8
2564,0.8
2565,0.8
2566,0.72
2567,0.8
2568,0.8
2569,0.72
2570,0.8
2571,0.8
2572,0.8
2573,0.8
2574,0.8
2575,0.8
2576,0.8
2577,0.8
2578,0.72
2579,0.76
2580,0.8
2581,0.8
2582,0.8
2583,0.8
2584,0.8
2585,0.8
2586,0.8
2587,0.8
2588,0.8
2589,0.8
2590,0.8
2591,0.8
2592,0.8
2593,0.8
2594,0.8
2595,0.8
2596,0.72
2597,0.72
2598,0.8
2599,0.8
2600,0.8
2601,0.8
2602,0.8
2603,0.8
2604,0.72
2605,0.8
2606,0.8
2607,0.8
2608,0.8
2609,0.8
2610,0.8
2611,0.72
2612,0.8
2613,0.8
2614,0.8
2615,0.8
2616,0.8
2617,0.76
2618,0.8
2619,0.72
2620,0.8
2621,0.8
2622,0.8
2623,0.8
2624,0.8
2625,0.8
2626,0.8
2627,0.8
2628,0.8
2629,0.8
2630,0.8
2631,0.8
2632,0.8
2633,0.8
2634,0.8
2635,0.8
2636,0.72
2637,0.8
2638,0.72
2639,0.8
2640,0.8
2641,0.8
2642,0.8
2643,0.72
2644,0.8
2645,0.8
2646,0.8
2647,0.76
2648,0.8
2649,0.72
2650,0.8
2651,0.8
2652,0.8
2653,0.8
2654,0.8
2655,0.8
2656,0.8
2657,0.76
2658,0.8
2659,0.8
2660,0.8
2661,0.8
2662,0.8
2663,0.72
2664,0.8
2665,0.8
2666,0.72
2667,0.8
2668,0.8
2669,0.8
2670,0.8
2671,0.76
2672,0.8
2673,0.8
2674,0.8
2675,0.8
2676,0.8
2677,0.8
2678,0.8
2679,0.8
2680,0.8
2681,0.8
2682,0.8
2683,0.76
2684,0.8
2685,0.76
2686,0.8
2687,0.72
2688,0.8
2689,0.8
2690,0.8
2691,0.8
2692,0.8
2693,0.8
2694,0.8
2695,0.72
2696,0.8
2697,0.8
2698,0.8
2699,0.8
2700,0.8
2701,0.8
2702,0.8
2703,0.8
2704,0.8
2705,0.8
2706,0.8
2707,0.8
2708,0.8
2709,0.72
2710,0.8
2711,0.8
2712,0.8
2713,0.8
2714,0.8
2715,0.8
2716,0.8
2717,0.8
2718,0.8
2719,0.8
2720,0.8
2721,0.72
2722,0.8
2723,0.8
2724,0.8
2725,0.8
2726,0.8
2727,0.8
2728,0.8
2729,0.72
2730,0.8
2731,0.8
2732,0.8
2733,0.8
2734,0.8
2735,0.8
2736,0.8
2737,0.76
2738,0.8
2739,0.8
2740,0.72
2741,0.8
2742,0.72
2743,0.8
2744,0.8
2745,0.72
2746,0.8
2747,0.76
2748,0.8
2749,0.8
2750,0.8
2751,0.8
2752,0.8
2753,0.72
2754,0.8
2755,0.72
2756,0.8
2757,0.8
2758,0.8
2759,0.8
2760,0.8
2761,0.8
2762,0.72
2763,0.8
2764,0.8
2765,0.8
2766,0.8
2767,0.8
2768,0.8
2769,0.8
2770,0.8
2771,0.76
2772,0.72
2773,0.8
2774,0.8
2775,0.72
2776,0.8
2777,0.8
2778,0.6799999999999999
2779,0.8
2780,0.6799999999999999
2781,0.8
2782,0.8
2783,0.8
2784,0.72
2785,0.8
2786,0.64
2787,0.8
2788,0.8
2789,0.72
2790,0.8
2791,0.76
2792,0.8
2793,0.8
2794,0.8
2795,0.8
2796,0.8
2797,0.8
2798,0.8
2799,0.8
2800,0.8
2801,0.8
2802,0.8
2803,0.8
2804,0.8
2805,0.76
2806,0.76
2807,0.8
2808,0.8
2809,0.8
2810,0.72
2811,0.8
2812,0.8
2813,0.8
2814,0.8
2815,0.8
2816,0.8
2817,0.72
2818,0.8
2819,0.8
2820,0.8
2821,0.64
2822,0.76
2823,0.8
2824,0.8
2825,0.8
2826,0.72
2827,0.8
2828,0.8
2829,0.72
2830,0.8
2831,0.8
2832,0.8
2833,0.8
2834,0.8
2835,0.8
2836,0.8
2837,0.8
2838,0.72
2839,0.6799999999999999
2840,0.8
2841,0.8
2842,0.8
2843,0.8
2844,0.76
2845,0.8
2846,0.8
2847,0.8
2848,0.8
2849,0.8
2850,0.8
2851,0.8
2852,0.8
2853,0.8
2854,0.76
2855,0.72
2856,0.8
2857,0.8
2858,0.8
2859,0.8
2860,0.8
2861,0.8
2862,0.72
2863,0.8
2864,0.8
2865,0.76
2866,0.8
2867,0.8
2868,0.8
2869,0.8
2870,0.8
2871,0.8
2872,0.8
2873,0.8
2874,0.8
2875,0.8
2876,0.8
2877,0.72
2878,0.8
2879,0.8
2880,0.8
2881,0.72
2882,0.8
2883,0.8
2884,0.8
2885,0.8
2886,0.76
2887,0.8
2888,0.8
2889,0.8
2890,0.8
2891,0.8
2892,0.8
2893,0.8
2894,0.8
2895,0.8
2896,0.8
2897,0.8
2898,0.8
2899,0.76
2900,0.8
2901,0.8
2902,0.8
2903,0.8
2904,0.8
2905,0.8
2906,0.72
2907,0.8
2908,0.8
2909,0.8
2910,0.8
2911,0.8
2912,0.8
2913,0.8
2914,0.8
2915,0.8
2916,0.8
2917,0.8
2918,0.8
2919,0.8
2920,0.8
2921,0.76
2922,0.8
2923,0.8
2924,0.8
2925,0.8
2926,0.8
2927,0.8
2928,0.8
2929,0.8
2930,0.76
2931,0.8
2932,0.8
2933,0.72
2934,0.8
2935,0.8
2936,0.76
2937,0.8
2938,0.8
2939,0.72
2940,0.8
2941,0.8
2942,0.8
2943,0.8
2944,0.8
2945,0.8
2946,0.8
2947,0.8
2948,0.8
2949,0.8
2950,0.72
2951,0.8
2952,0.8
2953,0.72
2954,0.8
2955,0.8
2956,0.8
2957,0.8
2958,0.76
2959,0.8
2960,0.8
2961,0.8
2962,0.8
2963,0.8
2964,0.8
2965,0.72
2966,0.8
2967,0.8
2968,0.8
2969,0.8
2970,0.8
2971,0.76
2972,0.8
2973,0.6799999999999999
2974,0.8
2975,0.8
2976,0.72
2977,0.8
2978,0.8
2979,0.8
2980,0.8
2981,0.8
2982,0.8
2983,0.8
2984,0.64
2985,0.8
2986,0.8
2987,0.8
2988,0.8
2989,0.8
2990,0.8
2991,0.8
2992,0.76
2993,0.8
2994,0.8
2995,0.8
2996,0.8
2997,0.8
2998,0.8
2999,0.8
3000,0.8
3001,0.8
3002,0.8
3003,0.6799999999999999
3004,0.8
3005,0.8
3006,0.8
3007,0.8
3008,0.8
3009,0.8
3010,0.8
3011,0.8
3012,0.8
3013,0.8
3014,0.8
3015,0.8
3016,0.8
3017,0.8
3018,0.8
3019,0.72
3020,0.8
3021,0.72
3022,0.8
3023,0.8
3024,0.8
3025,0.8
3026,0.8
3027,0.8
3028,0.8
3029,0.8
3030,0.8
3031,0.8
3032,0.8
3033,0.8
3034,0.8
3035,0.8
3036,0.8
3037,0.8
3038,0.8
3039,0.8
3040,0.8
3041,0.8
3042,0.8
3043,0.8
3044,0.8
3045,0.8
3046,0.8
3047,0.72
3048,0.8
3049,0.8
3050,0.8
3051,0.8
3052,0.8
3053,0.76
3054,0.8
3055,0.8
3056,0.8
3057,0.8
3058,0.8
3059,0.8
3060,0.8
3061,0.8
3062,0.8
3063,0.8
3064,0.8
3065,0.8
3066,0.8
3067,0.72
3068,0.8
3069,0.8
3070,0.8
3071,0.8
3072,0.76
3073,0.8
3074,0.8
3075,0.8
3076,0.8
3077,0.8
3078,0.8
3079,0.8
3080,0.8
3081,0.8
3082,0.8
3083,0.8
3084,0.8
3085,0.8
3086,0.8
3087,0.8
3088,0.72
3089,0.8
3090,0.8
3091,0.8
3092,0.8
3093,0.8
3094,0.8
3095,0.8
3096,0.72
3097,0.8
3098,0.8
3099,0.8
3100,0.8
3101,0.72
3102,0.8
3103,0.8
3104,0.8
3105,0.8
3106,0.8
3107,0.72
3108,0.8
3109,0.76
3110,0.6799999999999999
3111,0.76
3112,0.8
3113,0.8
3114,0.8
3115,0.8
3116,0.8
3117,0.8
3118,0.8
3119,0.8
3120,0.72
3121,0.8
3122,0.72
3123,0.8
3124,0.8
3125,0.8
3126,0.8
3127,0.72
3128,0.72
3129,0.8
3130,0.8
3131,0.8
3132,0.8
3133,0.8
3134,0.8
3135,0.8
3136,0.8
3137,0.8
3138,0.72
3139,0.8
3140,0.8
3141,0.8
3142,0.8
3143,0.8
3144,0.8
3145,0.8
3146,0.8
3147,0.76
3148,0.8
3149,0.8
3150,0.8
3151,0.8
3152,0.8
3153,0.8
3154,0.8
3155,0.8
3156,0.72
3157,0.8
3158,0.8
3159,0.72
3160,0.8
3161,0.8
3162,0.8
3163,0.8
3164,0.8
3165,0.8
3166,0.8
3167,0.8
3168,0.8
3169,0.8
3170,0.8
3171,0.8
3172,0.8
3173,0.8
3174,0.8
3175,0.8
3176,0.8
3177,0.8
3178,0.8
3179,0.8
3180,0.8
3181,0.8
3182,0.8
3183,0.8
3184,0.8
3185,0.8
3186,0.8
3187,0.8
3188,0.8
3189,0.8
3190,0.8
3191,0.8
3192,0.8
3193,0.8
3194,0.8
3195,0.8
3196,0.8
3197,0.8
3198,0.8
3199,0.8
3200,0.8
3201,0.8
3202,0.72
3203,0.8
3204,0.8
3205,0.72
3206,0.8
3207,0.6799999999999999
3208,0.8
3209,0.8
3210,0.76
3211,0.8
3212,0.8
3213,0.8
3214,0.72
3215,0.76
3216,0.72
3217,0.6799999999999999
3218,0.8
3219,0.8
3220,0.8
3221,0.8
3222,0.8
3223,0.72
3224,0.8
3225,0.8
3226,0.8
3227,0.72
3228,0.72
3229,0.8
3230,0.72
3231,0.8
3232,0.8
3233,0.8
3234,0.8
3235,0.8
3236,0.8
3237,0.8
3238,0.72
3239,0.8
3240,0.8
3241,0.8
3242,0.8
3243,0.76
3244,0.8
3245,0.8
3246,0.8
3247,0.8
3248,0.76
3249,0.8
3250,0.8
3251,0.72
3252,0.8
3253,0.8
3254,0.8
3255,0.8
3256,0.8
3257,0.8
3258,0.8
3259,0.8
3260,0.8
3261,0.8
3262,0.8
3263,0.8
3264,0.8
3265,0.8
3266,0.8
3267,0.76
3268,0.8
3269,0.76
3270,0.8
3271,0.76
3272,0.8
3273,0.8
3274,0.8
3275,0.8
3276,0.8
3277,0.8
3278,0.8
3279,0.8
3280,0.8
3281,0.8
3282,0.8
3283,0.8
3284,0.8
3285,0.8
3286,0.8
3287,0.72
3288,0.8
3289,0.8
3290,0.8
3291,0.8
3292,0.8
3293,0.8
3294,0.72
3295,0.8
3296,0.76
3297,0.72
3298,0.8
3299,0.8
3300,0.72
3301,0.8
3302,0.8
3303,0.8
3304,0.8
3305,0.72
3306,0.8
3307,0.8
3308,0.8
3309,0.72
3310,0.8
3311,0.8
3312,0.76
3313,0.8
3314,0.8
3315,0.76
3316,0.72
3317,0.8
3318,0.8
3319,0.8
3320,0.8
3321,0.8
3322,0.8
3323,0.8
3324,0.8
3325,0.8
3326,0.8
3327,0.72
3328,0.72
3329,0.8
3330,0.8
3331,0.8
3332,0.72
3333,0.8
3334,0.8
3335,0.8
3336,0.8
3337,0.8
3338,0.8
3339,0.72
3340,0.8
3341,0.8
3342,0.76
3343,0.8
3344,0.8
3345,0.8
3346,0.8
3347,0.72
3348,0.8
3349,0.8
3350,0.8
3351,0.8
3352,0.8
3353,0.8
3354,0.8
3355,0.8
3356,0.72
3357,0.72
3358,0.8
3359,0.8
3360,0.8
3361,0.8
3362,0.8
3363,0.8
3364,0.8
3365,0.8
3366,0.8
3367,0.8
3368,0.8
3369,0.8
3370,0.8
3371,0.8
3372,0.72
3373,0.8
3374,0.8
3375,0.8
3376,0.8
3377,0.8
3378,0.8
3379,0.76
3380,0.8
3381,0.76
3382,0.8
3383,0.8
3384,0.8
3385,0.8
3386,0.8
3387,0.8
3388,0.8
3389,0.8
3390,0.8
3391,0.8
3392,0.76
3393,0.8
3394,0.8
3395,0.8
3396,0.8
3397,0.8
3398,0.8
3399,0.8
3400,0.8
3401,0.8
3402,0.8
3403,0.8
3404,0.8
3405,0.8
3406,0.8
3407,0.8
3408,0.8
3409,0.8
3410,0.8
3411,0.72
3412,0.8
3413,0.8
3414,0.8
3415,0.8
3416,0.8
3417,0.8
3418,0.8
3419,0.8
3420,0.8
3421,0.76
3422,0.72
3423,0.76
3424,0.8
3425,0.76
3426,0.8
3427,0.8
3428,0.64
3429,0.76
3430,0.72
3431,0.8
3432,0.8
3433,0.8
3434,0.8
3435,0.8
3436,0.8
3437,0.8
3438,0.8
3439,0.8
3440,0.8
3441,0.76
3442,0.8
3443,0.8
3444,0.8
3445,0.8
3446,0.8
3447,0.8
3448,0.8
3449,0.8
3450,0.8
3451,0.8
3452,0.8
3453,0.8
3454,0.8
3455,0.8
3456,0.72
3457,0.72
3458,0.8
3459,0.76
3460,0.8
3461,0.8
3462,0.8
3463,0.8
3464,0.8
3465,0.8
3466,0.8
3467,0.76
3468,0.8
3469,0.64
3470,0.72
3471,0.8
3472,0.76
3473,0.8
3474,0.76
3475,0.72
3476,0.8
3477,0.8
3478,0.8
3479,0.8
3480,0.8
3481,0.8
3482,0.8
3483,0.72
3484,0.8
3485,0.8
3486,0.8
3487,0.8
3488,0.8
3489,0.8
3490,0.8
3491,0.8
3492,0.8
3493,0.8
3494,0.8
3495,0.72
3496,0.8
3497,0.8
3498,0.8
3499,0.8
3500,0.8
3501,0.8
3502,0.8
3503,0.8
3504,0.72
3505,0.8
3506,0.8
3507,0.8
3508,0.8
3509,0.76
3510,0.8
3511,0.8
3512,0.8
3513,0.8
3514,0.76
3515,0.72
3516,0.8
3517,0.8
3518,0.72
3519,0.8
3520,0.8
3521,0.72
3522,0.8
3523,0.8
3524,0.8
3525,0.8
3526,0.8
3527,0.8
3528,0.8
3529,0.8
3530,0.8
3531,0.8
3532,0.8
3533,0.8
3534,0.76
3535,0.8
3536,0.8
3537,0.8
3538,0.8
3539,0.8
3540,0.8
3541,0.8
3542,0.72
3543,0.8
3544,0.8
3545,0.8
3546,0.8
3547,0.8
3548,0.8
3549,0.8
3550,0.72
3551,0.6799999999999999
3552,0.76
3553,0.8
3554,0.8
3555,0.8
3556,0.72
3557,0.8
3558,0.8
3559,0.76
3560,0.72
3561,0.76
3562,0.8
3563,0.72
3564,0.8
3565,0.8
3566,0.8
3567,0.8
3568,0.76
3569,0.8
3570,0.8
3571,0.8
3572,0.8
3573,0.6799999999999999
3574,0.8
3575,0.8
3576,0.8
3577,0.8
3578,0.8
3579,0.8
3580,0.8
3581,0.8
3582,0.8
3583,0.8
3584,0.76
3585,0.8
3586,0.72
3587,0.8
3588,0.8
3589,0.8
3590,0.8
3591,0.8
3592,0.72
3593,0.8
3594,0.8
3595,0.8
3596,0.8
3597,0.8
3598,0.72
3599,0.8
3600,0.8
3601,0.76
3602,0.8
3603,0.8
3604,0.8
3605,0.8
3606,0.8
3607,0.8
3608,0.8
3609,0.8
3610,0.8
3611,0.72
3612,0.76
3613,0.8
3614,0.72
3615,0.8
3616,0.8
3617,0.8
3618,0.8
3619,0.8
3620,0.8
3621,0.8
3622,0.8
3623,0.8
3624,0.8
3625,0.8
3626,0.72
3627,0.8
3628,0.8
3629,0.8
3630,0.8
3631,0.8
3632,0.8
3633,0.8
3634,0.8
3635,0.8
3636,0.72
3637,0.8
3638,0.8
3639,0.8
3640,0.8
3641,0.8
3642,0.8
3643,0.72
3644,0.8
3645,0.8
3646,0.76
3647,0.8
3648,0.8
3649,0.76
3650,0.8
3651,0.64
3652,0.8
3653,0.8
3654,0.76
3655,0.8
3656,0.8
3657,0.8
3658,0.8
3659,0.8
3660,0.8
3661,0.76
3662,0.8
3663,0.8
3664,0.8
3665,0.8
3666,0.8
3667,0.8
3668,0.8
3669,0.8
3670,0.8
3671,0.76
3672,0.8
3673,0.8
3674,0.72
3675,0.8
3676,0.8
3677,0.8
3678,0.76
3679,0.8
3680,0.8
3681,0.8
3682,0.8
3683,0.8
3684,0.76
3685,0.8
3686,0.72
3687,0.8
3688,0.8
3689,0.72
3690,0.6799999999999999
3691,0.72
3692,0.8
3693,0.8
3694,0.8
3695,0.8
3696,0.8
3697,0.8
3698,0.6799999999999999
3699,0.8
3700,0.8
3701,0.8
3702,0.8
3703,0.8
3704,0.8
3705,0.8
3706,0.8
3707,0.8
3708,0.8
3709,0.8
3710,0.8
3711,0.8
3712,0.8
3713,0.8
3714,0.8
3715,0.8
3716,0.8
3717,0.8
3718,0.8
3719,0.76
3720,0.8
3721,0.8
3722,0.8
3723,0.8
3724,0.8
3725,0.8
3726,0.8
3727,0.8
3728,0.8
3729,0.8
3730,0.8
3731,0.8
3732,0.8
3733,0.8
3734,0.8
3735,0.8
3736,0.8
3737,0.8
3738,0.8
3739,0.8
3740,0.8
3741,0.8
3742,0.8
3743,0.8
3744,0.8
3745,0.76
3746,0.72
3747,0.72
3748,0.8
3749,0.8
3750,0.8
3751,0.8
3752,0.8
3753,0.72
3754,0.72
3755,0.72
3756,0.8
3757,0.8
3758,0.8
3759,0.8
3760,0.76
3761,0.8
3762,0.76
3763,0.8
3764,0.8
3765,0.8
3766,0.8
3767,0.8
3768,0.8
3769,0.8
3770,0.8
3771,0.8
3772,0.8
3773,0.8
3774,0.8
3775,0.8
3776,0.8
3777,0.8
3778,0.8
3779,0.64
3780,0.8
3781,0.8
3782,0.8
3783,0.8
3784,0.6000000000000001
3785,0.8
3786,0.8
3787,0.8
3788,0.8
3789,0.8
3790,0.8
3791,0.8
3792,0.8
3793,0.8
3794,0.8
3795,0.8
3796,0.8
3797,0.8
3798,0.8
3799,0.8
3800,0.6799999999999999
3801,0.8
3802,0.8
3803,0.8
3804,0.8
3805,0.8
3806,0.8
3807,0.8
3808,0.8
3809,0.8
3810,0.8
3811,0.72
3812,0.8
3813,0.8
3814,0.8
3815,0.8
3816,0.8
3817,0.8
3818,0.8
3819,0.8
3820,0.76
3821,0.8
3822,0.8
3823,0.8
3824,0.76
3825,0.8
3826,0.8
3827,0.8
3828,0.8
3829,0.8
3830,0.8
3831,0.8
3832,0.8
3833,0.8
3834,0.8
3835,0.8
3836,0.8
3837,0.8
3838,0.8
3839,0.8
3840,0.8
3841,0.8
3842,0.8
3843,0.8
3844,0.8
3845,0.8
3846,0.8
3847,0.8
3848,0.8
3849,0.8
3850,0.8
3851,0.8
3852,0.72
3853,0.8
3854,0.72
3855,0.8
3856,0.8
3857,0.72
3858,0.8
3859,0.8
3860,0.8
3861,0.8
3862,0.8
3863,0.8
3864,0.8
3865,0.72
3866,0.8
3867,0.8
3868,0.76
3869,0.8
3870,0.72
3871,0.8
3872,0.8
3873,0.8
3874,0.8
3875,0.8
3876,0.8
3877,0.8
3878,0.8
3879,0.8
3880,0.8
3881,0.8
3882,0.8
3883,0.8
3884,0.8
3885,0.8
3886,0.8
3887,0.8
3888,0.8
3889,0.8
3890,0.8
3891,0.8
3892,0.8
3893,0.8
3894,0.8
3895,0.72
3896,0.72
3897,0.8
3898,0.8
3899,0.8
3900,0.8
3901,0.8
3902,0.8
3903,0.76
3904,0.72
3905,0.8
3906,0.8
3907,0.8
3908,0.8
3909,0.8
3910,0.8
3911,0.8
3912,0.8
3913,0.8
3914,0.8
3915,0.8
3916,0.72
3917,0.8
3918,0.8
3919,0.8
3920,0.8
3921,0.8
3922,0.8
3923,0.8
3924,0.8
3925,0.8
3926,0.8
3927,0.8
3928,0.72
3929,0.76
3930,0.8
3931,0.8
3932,0.8
3933,0.8
3934,0.8
3935,0.8
3936,0.8
3937,0.8
3938,0.8
3939,0.76
3940,0.76
3941,0.8
3942,0.8
3943,0.8
3944,0.8
3945,0.76
3946,0.8
3947,0.8
3948,0.8
3949,0.8
3950,0.8
3951,0.8
3952,0.72
3953,0.8
3954,0.8
3955,0.8
3956,0.8
3957,0.8
3958,0.8
3959,0.8
3960,0.76
3961,0.8
3962,0.8
3963,0.72
3964,0.8
3965,0.8
3966,0.8
3967,0.8
3968,0.8
3969,0.8
3970,0.8
3971,0.8
3972,0.8
3973,0.8
3974,0.8
3975,0.8
3976,0.8
3977,0.8
3978,0.8
3979,0.8
3980,0.8
3981,0.8
3982,0.8
3983,0.8
3984,0.8
3985,0.8
3986,0.8
3987,0.8
3988,0.8
3989,0.8
3990,0.8
3991,0.8
3992,0.8
3993,0.8
3994,0.8
3995,0.8
3996,0.72
3997,0.8
3998,0.8
3999,0.8
4000,0.8
4001,0.8
4002,0.8
4003,0.8
4004,0.8
4005,0.8
4006,0.8
4007,0.8
4008,0.8
4009,0.72
4010,0.8
4011,0.8
4012,0.72
4013,0.8
4014,0.8
4015,0.8
4016,0.8
4017,0.8
4018,0.8
4019,0.8
4020,0.8
4021,0.8
4022,0.8
4023,0.8
4024,0.8
4025,0.8
4026,0.8
4027,0.8
4028,0.8
4029,0.8
4030,0.8
4031,0.8
4032,0.72
4033,0.8
4034,0.8
4035,0.8
4036,0.8
4037,0.8
4038,0.8
4039,0.72
4040,0.8
4041,0.8
4042,0.8
4043,0.72
4044,0.8
4045,0.8
4046,0.8
4047,0.76
4048,0.76
4049,0.8
4050,0.8
4051,0.72
4052,0.8
4053,0.8
4054,0.8
4055,0.76
4056,0.76
4057,0.8
4058,0.8
4059,0.76
4060,0.8
4061,0.8
4062,0.8
4063,0.8
4064,0.8
4065,0.8
4066,0.8
4067,0.8
4068,0.8
4069,0.8
4070,0.8
4071,0.8
4072,0.8
4073,0.76
4074,0.8
4075,0.8
4076,0.8
4077,0.8
4078,0.8
4079,0.8
4080,0.8
4081,0.72
4082,0.8
4083,0.72
4084,0.8
4085,0.8
4086,0.8
4087,0.8
4088,0.8
4089,0.8
4090,0.8
4091,0.8
4092,0.8
4093,0.8
4094,0.8
4095,0.8
4096,0.8
4097,0.72
4098,0.8
4099,0.8
4100,0.8
4101,0.8
4102,0.8
4103,0.8
4104,0.8
4105,0.8
4106,0.8
4107,0.72
4108,0.8
4109,0.8
4110,0.8
4111,0.8
4112,0.8
4113,0.8
4114,0.8
4115,0.8
4116,0.8
4117,0.8
4118,0.8
4119,0.76
4120,0.8
4121,0.8
4122,0.8
4123,0.8
4124,0.8
4125,0.72
4126,0.8
4127,0.8
4128,0.8
4129,0.64
4130,0.8
4131,0.8
4132,0.8
4133,0.8
4134,0.8
4135,0.8
4136,0.8
4137,0.72
4138,0.6799999999999999
4139,0.8
4140,0.76
4141,0.8
4142,0.8
4143,0.76
4144,0.8
4145,0.8
4146,0.8
4147,0.8
4148,0.8
4149,0.8
4150,0.8
4151,0.8
4152,0.8
4153,0.76
4154,0.8
4155,0.8
4156,0.8
4157,0.76
4158,0.8
4159,0.8
4160,0.72
4161,0.8
4162,0.8
4163,0.8
4164,0.8
4165,0.8
4166,0.8
4167,0.8
4168,0.8
4169,0.8
4170,0.8
4171,0.8
4172,0.8
4173,0.8
4174,0.8
4175,0.8
4176,0.8
4177,0.8
4178,0.8
4179,0.8
4180,0.8
4181,0.8
4182,0.8
4183,0.8
4184,0.8
4185,0.8
4186,0.76
4187,0.8
4188,0.8
4189,0.8
4190,0.8
4191,0.8
4192,0.8
4193,0.8
4194,0.76
4195,0.8
4196,0.8
4197,0.76
4198,0.8
4199,0.8
4200,0.8
4201,0.8
4202,0.8
4203,0.8
4204,0.8
4205,0.8
4206,0.8
4207,0.8
4208,0.8
4209,0.72
4210,0.8
4211,0.8
4212,0.8
4213,0.8
4214,0.72
4215,0.8
4216,0.8
4217,0.8
4218,0.8
4219,0.8
4220,0.8
4221,0.72
4222,0.8
4223,0.8
4224,0.8
4225,0.8
4226,0.8
4227,0.8
4228,0.8
4229,0.8
4230,0.72
4231,0.8
4232,0.72
4233,0.8
4234,0.6799999999999999
4235,0.8
4236,0.8
4237,0.8
4238,0.8
4239,0.8
4240,0.8
4241,0.6799999999999999
4242,0.8
4243,0.8
4244,0.8
4245,0.76
4246,0.8
4247,0.72
4248,0.8
4249,0.8
4250,0.8
4251,0.8
4252,0.8
4253,0.8
4254,0.8
4255,0.8
4256,0.72
4257,0.8
4258,0.8
4259,0.8
4260,0.8
4261,0.72
4262,0.8
4263,0.8
4264,0.8
4265,0.8
4266,0.8
4267,0.8
4268,0.8
4269,0.8
4270,0.8
4271,0.8
4272,0.8
4273,0.76
4274,0.8
4275,0.8
4276,0.8
4277,0.8
4278,0.8
4279,0.8
4280,0.72
4281,0.76
4282,0.8
4283,0.76
4284,0.8
4285,0.8
4286,0.72
4287,0.8
4288,0.6799999999999999
4289,0.72
4290,0.8
4291,0.8
4292,0.72
4293,0.8
4294,0.8
4295,0.8
4296,0.72
4297,0.8
4298,0.8
4299,0.8
4300,0.8
4301,0.72
4302,0.8
4303,0.8
4304,0.8
4305,0.8
4306,0.8
4307,0.8
4308,0.8
4309,0.72
4310,0.8
4311,0.8
4312,0.8
4313,0.8
4314,0.76
4315,0.8
4316,0.8
4317,0.76
4318,0.8
4319,0.8
4320,0.8
4321,0.76
4322,0.8
4323,0.8
4324,0.8
4325,0.8
4326,0.64
4327,0.8
4328,0.8
4329,0.8
4330,0.8
4331,0.8
4332,0.8
4333,0.8
4334,0.8
4335,0.8
4336,0.8
4337,0.8
4338,0.76
4339,0.8
4340,0.8
4341,0.8
4342,0.8
4343,0.8
4344,0.8
4345,0.8
4346,0.8
4347,0.76
4348,0.8
4349,0.8
4350,0.72
4351,0.8
4352,0.8
4353,0.72
4354,0.8
4355,0.8
4356,0.8
4357,0.76
4358,0.8
4359,0.8
4360,0.8
4361,0.8
4362,0.8
4363,0.8
4364,0.8
4365,0.8
4366,0.8
4367,0.8
4368,0.8
4369,0.8
4370,0.8
4371,0.76
4372,0.8
4373,0.8
4374,0.8
4375,0.8
4376,0.8
4377,0.8
4378,0.8
4379,0.8
4380,0.8
4381,0.8
4382,0.76
4383,0.8
4384,0.8
4385,0.8
4386,0.8
4387,0.8
4388,0.8
4389,0.8
4390,0.8
4391,0.8
4392,0.8
4393,0.8
4394,0.8
4395,0.8
4396,0.8
4397,0.8
4398,0.8
4399,0.8
4400,0.8
4401,0.8
4402,0.8
4403,0.8
4404,0.72
4405,0.8
4406,0.8
4407,0.8
4408,0.8
4409,0.8
4410,0.6799999999999999
4411,0.8
4412,0.8
4413,0.8
4414,0.76
4415,0.8
4416,0.8
4417,0.8
4418,0.8
4419,0.8
4420,0.8
4421,0.8
4422,0.8
4423,0.72
4424,0.8
4425,0.8
4426,0.8
4427,0.8
4428,0.8
4429,0.76
4430,0.8
4431,0.8
4432,0.76
4433,0.8
4434,0.8
4435,0.8
4436,0.8
4437,0.8
4438,0.8
4439,0.8
4440,0.76
4441,0.8
4442,0.76
4443,0.8
4444,0.8
4445,0.8
4446,0.8
4447,0.8
4448,0.8
4449,0.8
4450,0.8
4451,0.8
4452,0.8
4453,0.8
4454,0.8
4455,0.8
4456,0.8
4457,0.8
4458,0.8
4459,0.8
4460,0.8
4461,0.8
4462,0.8
4463,0.8
4464,0.8
4465,0.8
4466,0.8
4467,0.72
4468,0.8
4469,0.8
4470,0.8
4471,0.8
4472,0.8
4473,0.8
4474,0.72
4475,0.8
4476,0.8
4477,0.8
4478,0.8
4479,0.72
4480,0.8
4481,0.8
4482,0.8
4483,0.8
4484,0.8
4485,0.72
4486,0.8
4487,0.8
4488,0.8
4489,0.8
4490,0.8
4491,0.8
4492,0.8
4493,0.8
4494,0.8
4495,0.8
4496,0.8
4497,0.8
4498,0.8
4499,0.8
4500,0.8
4501,0.8
4502,0.8
4503,0.76
4504,0.8
4505,0.8
4506,0.8
4507,0.8
4508,0.8
4509,0.76
4510,0.8
4511,0.8
4512,0.8
4513,0.8
4514,0.8
4515,0.8
4516,0.8
4517,0.8
4518,0.8
4519,0.72
4520,0.8
4521,0.8
4522,0.8
4523,0.8
4524,0.8
4525,0.8
4526,0.8
4527,0.8
4528,0.8
4529,0.8
4530,0.8
4531,0.8
4532,0.8
4533,0.8
4534,0.8
4535,0.8
4536,0.8
4537,0.8
4538,0.8
4539,0.8
4540,0.8
4541,0.8
4542,0.8
4543,0.8
4544,0.8
4545,0.8
4546,0.72
4547,0.8
4548,0.8
4549,0.8
4550,0.8
4551,0.8
4552,0.8
4553,0.8
4554,0.8
4555,0.8
4556,0.8
4557,0.8
4558,0.8
4559,0.8
4560,0.8
4561,0.8
4562,0.8
4563,0.8
4564,0.76
4565,0.8
4566,0.8
4567,0.72
4568,0.8
4569,0.8
4570,0.8
4571,0.8
4572,0.8
4573,0.8
4574,0.72
4575,0.8
4576,0.8
4577,0.8
4578,0.76
4579,0.8
4580,0.8
4581,0.8
4582,0.76
4583,0.8
4584,0.72
4585,0.8
4586,0.8
4587,0.8
4588,0.8
4589,0.76
4590,0.8
4591,0.76
4592,0.8
4593,0.8
4594,0.8
4595,0.8
4596,0.8
4597,0.8
4598,0.8
4599,0.8
4600,0.8
4601,0.76
4602,0.8
4603,0.8
4604,0.8
4605,0.8
4606,0.8
4607,0.8
4608,0.8
4609,0.8
4610,0.8
4611,0.8
4612,0.8
4613,0.72
4614,0.8
4615,0.8
4616,0.8
4617,0.8
4618,0.8
4619,0.8
4620,0.8
4621,0.8
4622,0.8
4623,0.8
4624,0.8
4625,0.72
4626,0.72
4627,0.8
4628,0.8
4629,0.72
4630,0.8
4631,0.8
4632,0.8
4633,0.72
4634,0.8
4635,0.76
4636,0.8
4637,0.8
4638,0.8
4639,0.8
4640,0.8
4641,0.8
4642,0.8
4643,0.8
4644,0.76
4645,0.8
4646,0.8
4647,0.8
4648,0.8
4649,0.8
4650,0.8
4651,0.8
4652,0.8
4653,0.8
4654,0.8
4655,0.76
4656,0.8
4657,0.8
4658,0.8
4659,0.8
4660,0.8
4661,0.76
4662,0.8
4663,0.8
4664,0.8
4665,0.8
4666,0.8
4667,0.72
4668,0.8
4669,0.8
4670,0.8
4671,0.76
4672,0.8
4673,0.8
4674,0.8
4675,0.8
4676,0.8
4677,0.8
4678,0.8
4679,0.8
4680,0.8
4681,0.8
4682,0.72
4683,0.8
4684,0.8
4685,0.8
4686,0.8
4687,0.8
4688,0.8
4689,0.72
4690,0.8
4691,0.8
4692,0.8
4693,0.76
4694,0.76
4695,0.72
4696,0.8
4697,0.8
4698,0.8
4699,0.8
4700,0.8
4701,0.8
4702,0.8
4703,0.8
4704,0.76
4705,0.64
4706,0.8
4707,0.8
4708,0.8
4709,0.72
4710,0.8
4711,0.8
4712,0.8
4713,0.72
4714,0.8
4715,0.8
4716,0.8
4717,0.8
4718,0.72
4719,0.8
4720,0.8
4721,0.8
4722,0.72
4723,0.8
4724,0.8
4725,0.8
4726,0.8
4727,0.8
4728,0.8
4729,0.8
4730,0.8
4731,0.8
4732,0.8
4733,0.8
4734,0.76
4735,0.76
4736,0.8
4737,0.8
4738,0.8
4739,0.8
4740,0.8
4741,0.72
4742,0.8
4743,0.8
4744,0.76
4745,0.8
4746,0.8
4747,0.8
4748,0.8
4749,0.8
4750,0.8
4751,0.8
4752,0.8
4753,0.8
4754,0.8
4755,0.8
4756,0.8
4757,0.8
4758,0.8
4759,0.72
4760,0.8
4761,0.8
4762,0.8
4763,0.8
4764,0.8
4765,0.8
4766,0.72
4767,0.8
4768,0.8
4769,0.8
4770,0.76
4771,0.8
4772,0.8
4773,0.8
4774,0.8
4775,0.8
4776,0.8
4777,0.8
4778,0.8
4779,0.8
4780,0.8
4781,0.8
4782,0.8
4783,0.8
4784,0.8
4785,0.8
4786,0.8
4787,0.8
4788,0.8
4789,0.8
4790,0.8
4791,0.76
4792,0.8
4793,0.8
4794,0.8
4795,0.8
4796,0.8
4797,0.76
4798,0.76
4799,0.8
4800,0.8
4801,0.8
4802,0.76
4803,0.8
4804,0.8
4805,0.8
4806,0.8
4807,0.76
4808,0.8
4809,0.8
4810,0.8
4811,0.8
4812,0.8
4813,0.8
4814,0.8
4815,0.8
4816,0.8
4817,0.72
4818,0.8
4819,0.8
4820,0.6799999999999999
4821,0.8
4822,0.8
4823,0.8
4824,0.8
4825,0.8
4826,0.8
4827,0.8
4828,0.8
4829,0.8
4830,0.72
4831,0.8
4832,0.8
4833,0.8
4834,0.76
4835,0.8
4836,0.8
4837,0.8
4838,0.72
4839,0.8
4840,0.8
4841,0.8
4842,0.8
4843,0.8
4844,0.8
4845,0.8
4846,0.8
4847,0.76
4848,0.8
4849,0.8
4850,0.8
4851,0.8
4852,0.8
4853,0.8
4854,0.8
4855,0.8
4856,0.8
4857,0.76
4858,0.64
4859,0.8
4860,0.8
4861,0.8
4862,0.8
4863,0.8
4864,0.8
4865,0.76
4866,0.8
4867,0.8
4868,0.76
4869,0.8
4870,0.72
4871,0.8
4872,0.8
4873,0.8
4874,0.8
4875,0.72
4876,0.72
4877,0.8
4878,0.8
4879,0.8
4880,0.8
4881,0.8
4882,0.72
4883,0.8
4884,0.8
4885,0.72
4886,0.72
4887,0.76
4888,0.8
4889,0.72
4890,0.8
4891,0.6799999999999999
4892,0.76
4893,0.8
4894,0.76
4895,0.8
4896,0.8
4897,0.8
4898,0.8
4899,0.8
4900,0.8
4901,0.8
4902,0.8
4903,0.8
4904,0.8
4905,0.72
4906,0.72
4907,0.8
4908,0.8
4909,0.8
4910,0.8
4911,0.8
4912,0.8
4913,0.8
4914,0.8
4915,0.8
4916,0.8
4917,0.8
4918,0.8
4919,0.8
4920,0.8
4921,0.8
4922,0.8
4923,0.8
4924,0.8
4925,0.8
4926,0.8
4927,0.8
4928,0.8
4929,0.8
4930,0.6799999999999999
4931,0.8
4932,0.8
4933,0.8
4934,0.64
4935,0.8
4936,0.8
4937,0.8
4938,0.72
4939,0.8
4940,0.8
4941,0.8
4942,0.8
4943,0.8
4944,0.8
4945,0.8
4946,0.8
4947,0.6799999999999999
4948,0.8
4949,0.8
4950,0.8
4951,0.8
4952,0.8
4953,0.8
4954,0.8
4955,0.76
4956,0.8
4957,0.8
4958,0.8
4959,0.8
4960,0.76
4961,0.8
4962,0.8
4963,0.8
4964,0.8
4965,0.72
4966,0.8
4967,0.8
4968,0.8
4969,0.8
4970,0.8
4971,0.8
4972,0.8
4973,0.8
4974,0.8
4975,0.8
4976,0.8
4977,0.8
4978,0.8
4979,0.72
4980,0.8
4981,0.76
4982,0.8
4983,0.8
4984,0.8
4985,0.8
4986,0.8
4987,0.76
4988,0.8
4989,0.8
4990,0.8
4991,0.8
4992,0.8
4993,0.8
4994,0.8
4995,0.8
4996,0.72
4997,0.72
4998,0.8
4999,0.8
5000,0.76
