query_id,start,goal,algorithm,found,hops,path_cost_km,expanded,max_frontier,runtime_ms,path
Q1,KUL,KEF,BFS,True,2,12274.31753121269,6,279,5.408354000110194,KUL -> AMS -> KEF
Q1,KUL,KEF,DFS,True,23,41767.82327702519,2113,859,5.783877000112625,KUL -> ADL -> CNS -> GUM -> CTS -> HIJ -> DLC -> CGO -> BAV -> NAY -> HLD -> COQ -> ULN -> FRU -> CEK -> EVN -> AER -> KIV -> BLQ -> ACE -> BFS -> DBV -> BGO -> KEF
Q1,KUL,KEF,UCS,True,4,11461.348578050693,1852,616,6.842224000138231,KUL -> HKT -> LED -> HEL -> KEF
Q2,SIN,EZE,BFS,True,2,21976.108024099405,5,229,5.469405999974697,SIN -> AMS -> EZE
Q2,SIN,EZE,DFS,True,39,65213.835672402456,905,858,7.889035000061995,SIN -> ADL -> CNS -> GUM -> CTS -> HIJ -> DLC -> CGO -> BAV -> NAY -> HLD -> COQ -> ULN -> FRU -> ALA -> GYD -> ASB -> BHX -> ABZ -> BGO -> BLL -> AAL -> AAR -> BMA -> MMX -> BEG -> ATH -> AMM -> ADE -> ASM -> JUB -> ADD -> ACC -> ABJ -> CKY -> OXB -> RAI -> BOS -> ATL -> EZE
Q2,SIN,EZE,UCS,True,3,17817.356252826285,3003,620,7.805710999946314,SIN -> JNB -> GRU -> EZE
Q3,NRT,CPT,BFS,True,2,19005.893768605238,3,171,4.906589000029271,NRT -> AMS -> CPT
Q3,NRT,CPT,DFS,True,64,91541.43195914892,1415,785,5.080034999991767,NRT -> AKL -> PER -> HKT -> CKG -> CGO -> BAV -> CIF -> HLD -> COQ -> NZH -> IKT -> ABA -> NSK -> AER -> EVN -> ATH -> ADB -> ADA -> EBL -> GOT -> AAR -> AAL -> BLL -> AHO -> AOI -> CTA -> BRI -> CAG -> KRK -> BFS -> ACE -> BIO -> IBZ -> BRN -> OLB -> BOD -> AJA -> AVN -> LIG -> SOU -> JER -> DSA -> KTW -> KUT -> DOK -> DWC -> AMD -> BLR -> CCJ -> AAN -> PEW -> DSK -> PZH -> UET -> MHD -> MED -> AHB -> ADE -> ASM -> JUB -> ADD -> ACC -> WDH -> CPT
Q3,NRT,CPT,UCS,True,3,14813.319264012905,3043,1018,13.695822000045155,NRT -> HKG -> MRU -> CPT
