date,crypto_usd,fiat_eurusd,equity_index
2021-01-01,7961.077712,1.105942,3225.128097
2021-01-02,8105.448835,1.106638,3228.100863
2021-01-03,8082.117151,1.109185,3210.190505
2021-01-04,8571.342536,1.116326,3220.685381
2021-01-05,8970.230236,1.123355,3219.928693
2021-01-06,8750.778215,1.128217,3181.446285
2021-01-07,9067.087625,1.130683,3161.500783
2021-01-08,8368.649103,1.132586,3182.7213
2021-01-09,8506.000817,1.119184,3194.605637
2021-01-10,8593.101344,1.119218,3169.165852
2021-01-11,8114.684083,1.126263,3168.948432
2021-01-12,7685.716303,1.132065,3133.987944
2021-01-13,7849.645253,1.124989,3126.217888
2021-01-14,7800.983474,1.134854,3092.142289
2021-01-15,7567.754364,1.140887,3127.662896
2021-01-16,7611.805964,1.137697,3111.300293
2021-01-17,7165.441448,1.142908,3132.532278
2021-01-18,7410.970969,1.147448,3148.652856
2021-01-19,7709.552018,1.142462,3208.346752
2021-01-20,7823.051338,1.138921,3178.458037
2021-01-21,7772.106525,1.143326,3196.710884
2021-01-22,8163.148022,1.1557,3220.241214
2021-01-23,8523.724492,1.160281,3195.524663
2021-01-24,8394.165618,1.159242,3228.785327
2021-01-25,8008.678567,1.172083,3207.088781
2021-01-26,7733.880097,1.168755,3177.784004
2021-01-27,7779.666864,1.169702,3236.468417
2021-01-28,7682.976308,1.175962,3261.290663
2021-01-29,7826.985543,1.164585,3277.469232
2021-01-30,7898.040486,1.158803,3305.081097
2021-01-31,8316.119175,1.162983,3307.077424
2021-02-01,7990.801927,1.166149,3282.821924
2021-02-02,8149.085157,1.161501,3259.09217
2021-02-03,8332.394143,1.158683,3198.53832
2021-02-04,8727.661717,1.161876,3223.468705
2021-02-05,8313.630954,1.162396,3253.583072
2021-02-06,8489.63766,1.159901,3284.242986
2021-02-07,8408.268298,1.151447,3279.011063
2021-02-08,8241.648788,1.1449,3310.137833
2021-02-09,7928.266165,1.151677,3288.265081
2021-02-10,7850.384085,1.150707,3308.242221
2021-02-11,7743.821361,1.15097,3319.121485
2021-02-12,7551.608622,1.147384,3287.057831
2021-02-13,7144.411806,1.156499,3267.960202
2021-02-14,7293.052249,1.151986,3319.58195
2021-02-15,7457.336348,1.158036,3319.499362
2021-02-16,7764.530866,1.153886,3276.035258
2021-02-17,8147.174904,1.158654,3288.321959
2021-02-18,8113.877012,1.156536,3260.188547
2021-02-19,8022.699411,1.15757,3292.397611
2021-02-20,8013.040972,1.1495,3248.264164
2021-02-21,7742.576326,1.143518,3271.240443
2021-02-22,8107.265687,1.148143,3250.62042
2021-02-23,7752.08034,1.152801,3167.35458
2021-02-24,7628.516517,1.138411,3154.59944
2021-02-25,7447.756903,1.143729,3122.470802
2021-02-26,7346.587156,1.14157,3098.695312
2021-02-27,7254.766336,1.130826,3068.951485
2021-02-28,7222.850805,1.131541,3096.111509
2021-03-01,7469.829177,1.132472,3089.293755
2021-03-02,7263.092806,1.135023,3051.983544
2021-03-03,7411.220567,1.130786,3052.502909
2021-03-04,7774.953477,1.123723,3065.46807
2021-03-05,7692.59768,1.119946,3061.725303
2021-03-06,8266.575545,1.126837,3045.399897
2021-03-07,7990.426175,1.127874,2990.873721
2021-03-08,7859.925537,1.128414,3019.428103
2021-03-09,7666.54628,1.125387,3029.61907
2021-03-10,7118.847858,1.124045,3045.005703
2021-03-11,7065.393189,1.136043,3107.467248
2021-03-12,6708.887017,1.134933,3098.061487
2021-03-13,6475.050796,1.126454,3135.870223
2021-03-14,6444.788642,1.125655,3192.536849
2021-03-15,6563.08419,1.118394,3165.767663
2021-03-16,6191.576934,1.118416,3150.295178
2021-03-17,6383.915465,1.116018,3172.20241
2021-03-18,6875.332231,1.112618,3164.656614
2021-03-19,6861.56452,1.121165,3141.243497
2021-03-20,6450.907629,1.110838,3143.48039
2021-03-21,6133.827103,1.107032,3180.18632
2021-03-22,6015.456407,1.108548,3188.686661
2021-03-23,6114.615828,1.106512,3162.862375
2021-03-24,6655.972692,1.105642,3160.817872
2021-03-25,6777.839102,1.110654,3111.371571
2021-03-26,6497.169236,1.117173,3142.223261
2021-03-27,6404.549566,1.110379,3157.735535
2021-03-28,6627.271648,1.103677,3175.389931
2021-03-29,6623.960674,1.105854,3184.935205
2021-03-30,6829.616814,1.104255,3201.408808
2021-03-31,6903.058235,1.110613,3207.570598
2021-04-01,6771.548779,1.107411,3216.976214
2021-04-02,6787.643152,1.10732,3216.633798
2021-04-03,6815.141569,1.112997,3158.073497
2021-04-04,7145.451871,1.118638,3144.49616
2021-04-05,6964.869661,1.115392,3139.086886
2021-04-06,6902.693204,1.119119,3191.967434
2021-04-07,6622.71433,1.120705,3214.872699
2021-04-08,6321.845193,1.12352,3246.037135
2021-04-09,6465.886656,1.119653,3266.428218
2021-04-10,6425.643237,1.116949,3279.753133
2021-04-11,6398.191652,1.120578,3251.065232
2021-04-12,6084.840819,1.122635,3240.209892
2021-04-13,6451.806879,1.122417,3235.394244
2021-04-14,6830.4182,1.11869,3217.713141
2021-04-15,6821.592534,1.120893,3231.582665
2021-04-16,7344.421044,1.115579,3264.827064
2021-04-17,7162.751654,1.116808,3245.798062
2021-04-18,7251.845216,1.113714,3255.49266
2021-04-19,7600.42399,1.120529,3238.7697
2021-04-20,8023.239701,1.131049,3209.386352
2021-04-21,8214.423847,1.12569,3204.62361
2021-04-22,8217.56491,1.122882,3173.529532
2021-04-23,7902.52032,1.131599,3175.221437
2021-04-24,7404.064084,1.128168,3206.694517
2021-04-25,7517.53751,1.11683,3159.777861
2021-04-26,7562.22353,1.113376,3152.235798
2021-04-27,7822.070919,1.108703,3171.502416
2021-04-28,8183.416815,1.110645,3158.67725
2021-04-29,8417.54182,1.117052,3192.885294
2021-04-30,8847.385013,1.112444,3172.100723
2021-05-01,8035.539468,1.116577,3160.095376
2021-05-02,8422.918853,1.104585,3192.543625
2021-05-03,8410.237687,1.104916,3157.973895
2021-05-04,8556.762162,1.104808,3116.529115
2021-05-05,8751.214853,1.102289,3080.108067
2021-05-06,8308.874538,1.109469,3047.064771
2021-05-07,8144.530139,1.104886,3090.535073
2021-05-08,7921.439932,1.093744,3120.70206
2021-05-09,8535.956741,1.08458,3190.658084
2021-05-10,8304.769974,1.080119,3207.10999
2021-05-11,8387.972828,1.079932,3262.327244
2021-05-12,8206.26439,1.082572,3304.147229
2021-05-13,7850.103526,1.088358,3351.01684
2021-05-14,7616.978867,1.090617,3330.192807
2021-05-15,7308.38875,1.090604,3351.619496
2021-05-16,7244.808529,1.089153,3305.537604
2021-05-17,6889.205256,1.098902,3326.230587
2021-05-18,6780.678092,1.095587,3367.830938
2021-05-19,6932.661891,1.098674,3406.531956
2021-05-20,7218.839265,1.096311,3408.48108
2021-05-21,7406.98308,1.09083,3396.244854
2021-05-22,7244.17583,1.08888,3370.832673
2021-05-23,7354.040417,1.088646,3402.441401
2021-05-24,7442.337105,1.09049,3416.540618
2021-05-25,7465.647613,1.084055,3410.793063
2021-05-26,7311.392014,1.078533,3369.016046
2021-05-27,7468.436618,1.080143,3342.621744
2021-05-28,7541.053972,1.083834,3310.323627
2021-05-29,7276.629756,1.084818,3321.384831
2021-05-30,7439.692251,1.0847,3327.368733
2021-05-31,7639.116893,1.090574,3291.497422
2021-06-01,7635.567677,1.084134,3281.305504
2021-06-02,8001.921595,1.084122,3285.686624
2021-06-03,7760.542658,1.086283,3250.603569
2021-06-04,8250.798856,1.0764,3272.876211
2021-06-05,8904.978279,1.069289,3225.018485
2021-06-06,9551.210974,1.072115,3224.478563
2021-06-07,8879.53643,1.071182,3252.09136
2021-06-08,8708.647318,1.06737,3197.362023
2021-06-09,8541.304526,1.055746,3268.042959
2021-06-10,8966.960132,1.050645,3272.587608
2021-06-11,8926.687089,1.042965,3226.778552
2021-06-12,8691.85869,1.048605,3270.330166
2021-06-13,9026.887705,1.051139,3358.828045
2021-06-14,8952.416926,1.050123,3343.709715
2021-06-15,8925.620279,1.046815,3387.150806
2021-06-16,9500.800846,1.051474,3370.109608
2021-06-17,9026.322407,1.050425,3384.95242
2021-06-18,8553.644045,1.048942,3430.636743
2021-06-19,8403.222833,1.048825,3395.515007
2021-06-20,8461.956021,1.054925,3434.066002
2021-06-21,8307.347668,1.061557,3450.942628
2021-06-22,8542.956274,1.057034,3444.190529
2021-06-23,8378.656522,1.054225,3409.316172
2021-06-24,8497.870111,1.048696,3377.503146
2021-06-25,8623.856677,1.060331,3315.157402
2021-06-26,8395.918319,1.059761,3313.848007
2021-06-27,8166.76326,1.061538,3305.424844
2021-06-28,7645.316874,1.068139,3364.825374
2021-06-29,7773.893322,1.061871,3335.561398
2021-06-30,8238.433635,1.065021,3342.577446
2021-07-01,8226.612846,1.065981,3403.235334
2021-07-02,8354.468444,1.059608,3443.509862
2021-07-03,8210.148574,1.060854,3503.02862
2021-07-04,8159.938858,1.064275,3501.138025
2021-07-05,8351.066779,1.066958,3558.34458
2021-07-06,8346.113598,1.067037,3577.985562
2021-07-07,8294.955459,1.066613,3619.477316
2021-07-08,7874.464289,1.075636,3649.359185
2021-07-09,7344.382995,1.073765,3652.13361
2021-07-10,7348.145756,1.076656,3688.226183
2021-07-11,7436.298728,1.076412,3713.910906
2021-07-12,7637.787178,1.077275,3746.753776
2021-07-13,7609.747426,1.075859,3713.359167
2021-07-14,7476.850051,1.080406,3678.976246
2021-07-15,7549.636416,1.082378,3673.483392
2021-07-16,7783.753097,1.075385,3706.793824
2021-07-17,7363.824562,1.076779,3696.868373
2021-07-18,7159.579446,1.082588,3701.362871
2021-07-19,7138.197584,1.08059,3721.155101
2021-07-20,7076.974149,1.089434,3653.51682
2021-07-21,6614.164104,1.087929,3649.07509
2021-07-22,6616.720299,1.09271,3698.928264
2021-07-23,6892.039414,1.103774,3691.844196
2021-07-24,7395.358575,1.104611,3716.507766
2021-07-25,7340.892746,1.104812,3740.984408
2021-07-26,6891.378451,1.110429,3750.393977
2021-07-27,6782.812864,1.11717,3795.782949
2021-07-28,7106.178465,1.110386,3783.514482
2021-07-29,7426.26459,1.118898,3702.717122
2021-07-30,7117.657841,1.122654,3734.901608
2021-07-31,6548.038746,1.124797,3747.132333
2021-08-01,6468.829605,1.127828,3770.043992
2021-08-02,6421.781933,1.124732,3791.414638
2021-08-03,6496.371469,1.117147,3773.608675
2021-08-04,6637.547105,1.117436,3757.649879
2021-08-05,6749.456132,1.115753,3764.777945
2021-08-06,6740.074512,1.119512,3744.474349
2021-08-07,7384.834629,1.12155,3715.434081
2021-08-08,7284.681742,1.127675,3766.127477
2021-08-09,7142.858677,1.127798,3779.204335
2021-08-10,7517.827654,1.12208,3769.402235
2021-08-11,7736.385955,1.117539,3804.263616
2021-08-12,7922.855717,1.119104,3797.342195
2021-08-13,7941.792954,1.124829,3840.376678
2021-08-14,8276.492084,1.122055,3794.704123
2021-08-15,8572.737907,1.13516,3806.077757
2021-08-16,8389.727177,1.129452,3809.307261
2021-08-17,8462.096713,1.13076,3832.72743
2021-08-18,8578.889587,1.140283,3821.738951
2021-08-19,8683.551652,1.141146,3832.999188
2021-08-20,9089.773872,1.141031,3931.531588
2021-08-21,9596.881089,1.136896,3959.499676
2021-08-22,9908.048736,1.135569,3982.470123
2021-08-23,9659.971915,1.139487,3999.308912
2021-08-24,9960.561242,1.138721,4052.751476
2021-08-25,9808.878203,1.137632,4048.534362
2021-08-26,10170.25196,1.141676,4053.471004
2021-08-27,10363.741711,1.146251,4068.823443
2021-08-28,10331.368832,1.147587,4097.046121
2021-08-29,10212.821718,1.15633,4087.932921
2021-08-30,10290.043757,1.161428,4069.007846
2021-08-31,10087.689744,1.15295,4123.31835
2021-09-01,10609.168172,1.155122,4081.947877
2021-09-02,10503.0382,1.150343,4075.651575
2021-09-03,10095.846592,1.148239,4074.222746
2021-09-04,10506.251503,1.147126,4115.77477
2021-09-05,10174.694623,1.156509,4189.160419
2021-09-06,10388.261368,1.144535,4147.736555
2021-09-07,10523.801605,1.141307,4106.363367
2021-09-08,10373.099727,1.148919,4102.293004
2021-09-09,10521.695412,1.15721,4145.518595
2021-09-10,10906.257097,1.166779,4182.851134
2021-09-11,10494.680118,1.177125,4201.33126
2021-09-12,10803.149394,1.183504,4268.168587
2021-09-13,10604.94249,1.186043,4282.81695
2021-09-14,11102.614877,1.184527,4300.625371
2021-09-15,10274.155431,1.181173,4285.215072
2021-09-16,10168.759224,1.175584,4298.773446
2021-09-17,9780.469486,1.172915,4355.451621
2021-09-18,9469.593455,1.168677,4347.592026
2021-09-19,8825.198319,1.152891,4362.997239
2021-09-20,8378.305841,1.156472,4311.48543
2021-09-21,8189.514283,1.156211,4258.14429
2021-09-22,8223.722673,1.157071,4257.425072
2021-09-23,8396.109252,1.153922,4249.961425
2021-09-24,8993.32071,1.154532,4267.863035
2021-09-25,8763.375439,1.156413,4264.455453
2021-09-26,8775.426426,1.147652,4333.940226
2021-09-27,8381.498688,1.149148,4413.775226
2021-09-28,8544.85717,1.146357,4380.438809
2021-09-29,8728.867511,1.144436,4402.516155
2021-09-30,9005.525494,1.140927,4415.057968
2021-10-01,9131.729856,1.14659,4486.009471
2021-10-02,9101.082569,1.136091,4390.137977
2021-10-03,8900.393963,1.132277,4369.179579
2021-10-04,8597.398486,1.131795,4372.152201
2021-10-05,9000.113064,1.130842,4367.724625
2021-10-06,9059.43728,1.129012,4350.301366
2021-10-07,9039.166027,1.122756,4370.342787
2021-10-08,8824.176293,1.11503,4455.391949
2021-10-09,8688.1815,1.114728,4470.659433
2021-10-10,8444.747912,1.113752,4495.805342
2021-10-11,8633.105425,1.114711,4573.968465
2021-10-12,8084.315652,1.113283,4495.583801
2021-10-13,8162.38437,1.106428,4553.144125
2021-10-14,8327.975348,1.111345,4495.38875
2021-10-15,8427.17114,1.107341,4446.930848
2021-10-16,8430.517735,1.109137,4385.097063
2021-10-17,7971.029841,1.106736,4354.824436
2021-10-18,8048.450402,1.102275,4351.084149
2021-10-19,7435.784361,1.103045,4371.294898
2021-10-20,6980.06919,1.098301,4316.094854
2021-10-21,7137.611478,1.091667,4331.573038
2021-10-22,6875.698232,1.093083,4316.882939
2021-10-23,6995.808241,1.09519,4342.371454
2021-10-24,6793.472253,1.097715,4393.942439
2021-10-25,6811.217008,1.109893,4418.355347
2021-10-26,6873.479627,1.113844,4435.057228
2021-10-27,6675.799459,1.112367,4483.068837
2021-10-28,6156.029648,1.11314,4507.313341
2021-10-29,6478.46688,1.118884,4524.000009
2021-10-30,6497.190853,1.111898,4557.469119
2021-10-31,6532.741514,1.102671,4659.372453
2021-11-01,6748.875721,1.093419,4654.226782
2021-11-02,7060.633823,1.091592,4707.189075
2021-11-03,7027.891515,1.089662,4759.908183
2021-11-04,7006.678952,1.094568,4711.152632
2021-11-05,6913.359208,1.100086,4701.33668
2021-11-06,6950.131935,1.102417,4735.068929
2021-11-07,6764.015161,1.097685,4759.925806
2021-11-08,7062.864731,1.100017,4726.337225
2021-11-09,6680.68474,1.098062,4749.101992
2021-11-10,6569.477471,1.088719,4790.810053
2021-11-11,6822.928835,1.096029,4794.594187
2021-11-12,6975.488571,1.093035,4778.451123
2021-11-13,7599.125853,1.09188,4819.357717
2021-11-14,7567.201912,1.083589,4804.377689
2021-11-15,8028.973587,1.075925,4801.06996
2021-11-16,7702.973465,1.084483,4792.723444
2021-11-17,7837.302294,1.08592,4729.709462
2021-11-18,7815.026292,1.093725,4731.863325
2021-11-19,8379.258461,1.103011,4672.397233
2021-11-20,8590.649103,1.108334,4600.335554
2021-11-21,8733.094443,1.09466,4623.243687
2021-11-22,9169.975037,1.096059,4676.574259
2021-11-23,9904.38938,1.098165,4604.599365
2021-11-24,10173.0646,1.099086,4699.072723
2021-11-25,9828.814029,1.104296,4707.121416
2021-11-26,9552.286784,1.112114,4761.133283
2021-11-27,9809.050479,1.112437,4781.050809
2021-11-28,10023.305531,1.105201,4705.757898
2021-11-29,10447.608282,1.107775,4745.872084
2021-11-30,10565.528116,1.115815,4803.039055
2021-12-01,10413.80825,1.119642,4861.790759
2021-12-02,10005.079471,1.110675,4860.029919
2021-12-03,10034.065173,1.114215,4839.533847
2021-12-04,10025.837413,1.113522,4867.663102
2021-12-05,10337.463425,1.109,4907.295365
2021-12-06,10454.932473,1.113256,4921.890243
2021-12-07,10389.420128,1.114701,4875.284116
2021-12-08,11321.789822,1.108786,4858.399116
2021-12-09,11405.844425,1.10116,4865.495226
2021-12-10,10777.510396,1.102929,4905.787857
2021-12-11,10965.796638,1.106721,4951.632486
2021-12-12,11294.316868,1.110531,4973.557086
2021-12-13,13040.737325,1.117734,4841.736197
2021-12-14,13607.503136,1.124021,4877.297355
2021-12-15,13183.375914,1.122898,4855.405467
2021-12-16,12459.097592,1.130676,4859.615209
2021-12-17,13350.020471,1.132933,4841.302505
2021-12-18,13363.21595,1.132053,4807.020736
2021-12-19,13320.061933,1.129857,4844.801874
2021-12-20,13837.333907,1.140072,4867.837353
2021-12-21,12881.577063,1.140987,4830.661908
2021-12-22,13070.2032,1.139952,4854.573435
2021-12-23,12543.320619,1.134741,4967.775931
2021-12-24,12626.945879,1.146973,4946.649977
2021-12-25,12834.844637,1.14945,4958.889064
2021-12-26,13100.203342,1.148343,4949.235731
2021-12-27,13454.814841,1.146648,4955.504325
2021-12-28,13653.326205,1.15304,4996.122949
2021-12-29,13615.662592,1.15838,4924.949409
2021-12-30,13039.839066,1.16003,4981.086968
2021-12-31,12534.328796,1.159046,4995.019053
2022-01-01,12595.729791,1.163485,5024.295169
2022-01-02,12873.891586,1.16573,4971.229508
2022-01-03,12872.145695,1.158203,4992.385744
2022-01-04,12906.239324,1.15514,4923.987601
2022-01-05,13817.588656,1.157135,4882.07097
2022-01-06,14400.237264,1.1504,4915.451522
2022-01-07,14684.420561,1.153257,4970.619904
2022-01-08,14297.804194,1.147045,5006.284012
2022-01-09,13505.482116,1.148882,5049.847834
2022-01-10,13325.329589,1.154166,5028.481581
2022-01-11,12724.615933,1.156589,5111.544154
2022-01-12,12552.42388,1.145087,5163.864198
2022-01-13,13734.191342,1.148653,5195.093959
2022-01-14,13978.478806,1.146593,5191.534841
2022-01-15,14248.536119,1.151498,5201.567819
2022-01-16,14021.771355,1.157732,5067.652302
2022-01-17,14356.419521,1.163027,5127.94113
2022-01-18,13978.873433,1.167491,5106.177625
2022-01-19,14305.100731,1.16464,5056.068249
2022-01-20,14776.355991,1.166669,4984.176974
2022-01-21,14966.789227,1.169282,4892.003284
2022-01-22,14781.992066,1.172275,4945.761691
2022-01-23,15169.861731,1.170595,4983.387981
2022-01-24,14634.21047,1.17203,4988.220578
2022-01-25,15018.268763,1.169592,4993.182351
2022-01-26,14044.363222,1.169445,5004.636131
2022-01-27,13980.220334,1.166319,5031.58457
2022-01-28,14739.043269,1.168469,5010.065326
2022-01-29,15031.540999,1.169332,4995.914795
2022-01-30,14068.161531,1.164514,4953.309655
2022-01-31,15096.826715,1.169937,4961.958775
2022-02-01,15482.447801,1.171068,4907.885445
2022-02-02,14835.195245,1.17342,4910.094607
2022-02-03,15001.926089,1.16548,4914.818197
2022-02-04,15511.369907,1.15538,4927.373259
2022-02-05,14685.217582,1.15483,4945.134867
2022-02-06,13834.912995,1.149688,4885.661563
2022-02-07,13827.658814,1.149854,4859.781169
2022-02-08,13996.537228,1.14915,4861.866509
2022-02-09,14350.296198,1.150479,4913.60485
2022-02-10,14207.831943,1.155462,4932.782136
2022-02-11,14603.704857,1.154584,4968.899988
2022-02-12,14527.54852,1.160758,4927.85649
2022-02-13,14623.04023,1.154278,4921.787517
2022-02-14,13897.172764,1.152836,4900.146703
2022-02-15,13948.570665,1.150842,4877.751414
2022-02-16,12969.236707,1.14981,4903.663043
2022-02-17,13102.238901,1.154383,4918.647168
2022-02-18,12753.688739,1.159418,4920.518466
2022-02-19,12920.856007,1.152237,4856.558809
2022-02-20,13308.790387,1.152658,4868.483136
2022-02-21,12539.689776,1.152223,4790.103591
2022-02-22,12738.042568,1.155339,4781.326603
2022-02-23,12331.899623,1.15849,4772.486599
2022-02-24,12813.648975,1.158938,4674.189011
2022-02-25,12758.607188,1.169755,4691.017069
2022-02-26,12492.567965,1.170803,4750.212327
2022-02-27,12452.095966,1.169669,4801.813248
2022-02-28,13429.589795,1.169908,4732.957658
2022-03-01,14588.811582,1.169796,4668.492437
2022-03-02,14595.492078,1.174027,4685.570204
2022-03-03,14033.93233,1.17272,4734.189613
2022-03-04,14950.909517,1.182717,4784.359338
2022-03-05,14868.813935,1.181393,4860.114947
2022-03-06,14633.780051,1.183771,4797.453362
2022-03-07,14804.36658,1.18787,4796.099895
2022-03-08,14066.463929,1.180991,4760.086233
2022-03-09,14565.081752,1.188071,4723.857376
2022-03-10,14538.163289,1.188789,4743.527565
2022-03-11,14020.745147,1.187774,4658.222336
2022-03-12,14398.519863,1.183959,4678.700477
2022-03-13,13807.226546,1.184736,4732.169821
2022-03-14,14069.046875,1.176067,4801.983153
2022-03-15,13925.928872,1.166506,4779.378125
2022-03-16,13901.171464,1.168725,4714.752186
2022-03-17,14152.974109,1.172771,4719.759537
2022-03-18,13825.643704,1.18335,4720.977835
2022-03-19,13858.534489,1.186512,4739.042021
2022-03-20,14452.828722,1.189154,4685.01163
2022-03-21,15249.169299,1.180916,4615.706939
2022-03-22,14509.514779,1.182166,4607.251721
2022-03-23,15110.336332,1.190818,4582.640363
2022-03-24,15349.531804,1.187189,4652.74852
2022-03-25,15833.800534,1.186329,4715.662054
2022-03-26,15364.271916,1.188658,4657.566155
2022-03-27,14602.240892,1.184689,4669.573001
2022-03-28,14770.638929,1.190553,4699.141994
2022-03-29,14554.192385,1.183133,4665.467804
2022-03-30,14873.785714,1.182936,4737.350373
2022-03-31,14250.481769,1.175766,4767.511358
2022-04-01,13727.813871,1.176295,4790.504346
2022-04-02,13397.383245,1.177998,4795.972458
2022-04-03,13651.154708,1.169148,4760.272995
2022-04-04,14461.84925,1.175628,4754.427572
2022-04-05,14004.299772,1.172178,4742.774801
2022-04-06,13731.23078,1.162249,4805.162071
2022-04-07,13266.082331,1.170617,4765.321011
2022-04-08,12560.632753,1.173968,4766.157083
2022-04-09,13019.937437,1.163077,4869.798775
2022-04-10,13482.305471,1.158586,4840.686056
2022-04-11,13059.865548,1.161926,4800.224986
2022-04-12,13060.849642,1.165314,4824.901887
2022-04-13,13983.674953,1.162741,4803.971512
2022-04-14,14751.368068,1.161939,4851.925223
2022-04-15,15642.390262,1.167963,4861.761482
2022-04-16,15939.601492,1.167908,4865.703659
2022-04-17,15786.195482,1.162788,4836.236748
2022-04-18,15334.143437,1.170486,4797.112775
2022-04-19,14272.49474,1.175693,4799.530977
2022-04-20,14865.957418,1.167414,4797.056725
2022-04-21,15744.419937,1.168079,4723.559396
2022-04-22,15579.622377,1.167499,4636.967083
2022-04-23,16003.232749,1.169211,4624.775207
2022-04-24,15238.376529,1.167003,4636.209878
2022-04-25,15636.492811,1.164308,4617.030638
2022-04-26,15026.766707,1.170267,4635.840317
2022-04-27,14045.340749,1.169435,4674.731595
2022-04-28,13624.46571,1.174791,4656.625766
2022-04-29,14122.127273,1.185355,4658.623897
2022-04-30,13615.46663,1.175831,4694.791495
2022-05-01,12862.869703,1.173547,4660.792937
2022-05-02,13529.397481,1.16794,4659.161956
2022-05-03,13213.940346,1.168018,4676.317787
2022-05-04,13482.601934,1.16139,4749.456373
2022-05-05,13925.923019,1.157249,4760.510772
2022-05-06,13411.399489,1.152927,4766.987026
2022-05-07,13390.766228,1.146533,4750.523877
2022-05-08,14246.363798,1.15527,4728.872009
2022-05-09,13937.699532,1.138625,4678.652248
2022-05-10,13551.673099,1.141347,4696.980541
2022-05-11,12857.099472,1.14783,4661.486602
2022-05-12,12212.408531,1.151397,4633.862044
2022-05-13,12121.31475,1.147559,4676.845166
2022-05-14,12794.847123,1.145393,4665.111212
2022-05-15,12468.284343,1.140816,4646.517239
2022-05-16,13835.105382,1.137169,4625.144378
2022-05-17,13796.100003,1.140424,4566.060955
2022-05-18,13460.447355,1.139434,4615.954857
2022-05-19,13578.574538,1.143205,4607.730206
2022-05-20,13723.571457,1.14592,4590.135427
2022-05-21,13025.186269,1.157234,4683.703227
2022-05-22,12764.075075,1.156499,4653.406679
2022-05-23,13046.205417,1.167892,4709.218712
2022-05-24,13651.496294,1.169377,4718.974137
2022-05-25,12968.258296,1.174419,4780.459015
2022-05-26,13788.512796,1.175456,4766.894266
2022-05-27,13494.79014,1.1673,4748.021842
2022-05-28,13234.856466,1.174413,4728.621385
2022-05-29,14205.602194,1.178215,4720.737292
2022-05-30,14480.875206,1.180197,4679.067333
2022-05-31,15382.664101,1.180101,4691.741182
2022-06-01,15342.944124,1.183768,4708.985087
2022-06-02,15784.974939,1.1832,4646.899192
2022-06-03,16083.862272,1.18656,4667.858584
2022-06-04,15196.606848,1.191126,4694.265146
2022-06-05,15560.214251,1.191843,4604.867321
2022-06-06,16298.604436,1.194195,4647.748165
2022-06-07,16620.80422,1.195653,4733.184898
2022-06-08,16664.27747,1.207129,4679.982817
2022-06-09,16399.929353,1.215271,4728.959243
2022-06-10,16206.786797,1.207103,4731.20976
2022-06-11,16928.638678,1.219915,4713.091436
2022-06-12,16226.353954,1.218107,4668.81012
2022-06-13,16391.130539,1.21841,4638.147986
2022-06-14,15855.500985,1.227555,4636.636107
2022-06-15,16164.21997,1.226959,4577.218533
2022-06-16,15549.69966,1.216599,4599.19219
2022-06-17,15484.449978,1.211426,4596.169449
2022-06-18,16019.289538,1.207157,4698.939462
2022-06-19,16000.872159,1.211201,4657.114282
2022-06-20,15458.72869,1.212649,4663.665674
2022-06-21,16047.142728,1.225351,4646.520899
2022-06-22,17030.389432,1.238833,4619.778169
2022-06-23,16751.149126,1.247686,4587.905392
2022-06-24,16367.757105,1.248584,4570.039927
2022-06-25,15958.101433,1.255679,4541.131736
2022-06-26,15118.356832,1.257556,4527.281639
2022-06-27,15811.597301,1.264898,4510.370813
2022-06-28,17618.295679,1.263648,4502.257065
2022-06-29,17247.360252,1.261845,4485.88746
2022-06-30,17854.061306,1.262618,4621.170808
2022-07-01,17666.704695,1.261423,4531.766894
2022-07-02,17912.552478,1.26189,4533.709614
2022-07-03,19211.872646,1.261007,4475.999675
2022-07-04,19416.143906,1.26371,4444.79842
2022-07-05,19669.487809,1.276433,4398.209539
2022-07-06,19707.595911,1.275739,4497.737509
2022-07-07,18950.888475,1.26582,4472.858438
2022-07-08,18911.790814,1.266755,4496.407797
2022-07-09,18917.924121,1.262879,4446.22058
2022-07-10,19519.668045,1.256258,4433.623357
2022-07-11,19827.873147,1.260059,4413.917856
2022-07-12,19770.411129,1.262426,4421.965436
2022-07-13,20058.997964,1.25918,4448.371489
2022-07-14,21124.5035,1.262075,4431.190878
2022-07-15,20616.181592,1.265118,4454.414937
2022-07-16,20727.294677,1.268583,4420.40822
2022-07-17,20551.818178,1.265524,4387.537479
2022-07-18,21213.811756,1.264441,4441.308279
2022-07-19,22712.718076,1.270368,4485.465416
2022-07-20,22439.907094,1.269647,4455.953536
2022-07-21,23075.871691,1.268141,4494.780526
2022-07-22,23020.966694,1.278545,4544.71184
2022-07-23,23041.74674,1.277794,4527.402317
2022-07-24,22073.927024,1.285962,4476.597671
2022-07-25,23977.010959,1.283877,4499.980002
2022-07-26,24424.424555,1.28436,4541.510988
2022-07-27,25240.193583,1.29113,4593.987211
2022-07-28,26530.921515,1.288898,4617.341575
2022-07-29,26682.077038,1.288162,4733.394258
2022-07-30,25792.661496,1.298738,4678.809209
2022-07-31,23447.719785,1.301381,4629.147419
2022-08-01,23555.909769,1.304659,4696.573919
2022-08-02,23880.757185,1.301574,4726.918064
2022-08-03,23568.200004,1.298534,4750.494294
2022-08-04,24761.210192,1.298949,4776.001231
2022-08-05,25680.395866,1.298466,4798.344873
2022-08-06,25764.656708,1.297085,4878.472461
2022-08-07,25967.199779,1.294756,4851.797583
2022-08-08,25011.7145,1.292729,4874.660907
2022-08-09,24225.701112,1.295584,4750.656031
2022-08-10,23695.887378,1.296446,4769.054985
2022-08-11,23426.759342,1.297918,4876.326702
2022-08-12,23673.360572,1.303413,4902.082069
2022-08-13,23381.768984,1.296664,4911.98056
2022-08-14,24133.89724,1.300509,4879.874302
2022-08-15,24408.757102,1.320886,4905.124031
2022-08-16,23518.34341,1.319857,4913.117275
2022-08-17,23300.741942,1.321197,4894.944351
2022-08-18,21719.280738,1.320521,4830.621607
2022-08-19,21278.013097,1.326476,4820.332366
2022-08-20,21203.682683,1.334351,4839.000517
2022-08-21,21463.770842,1.351553,4887.246784
2022-08-22,21540.783043,1.361557,4915.520327
2022-08-23,22280.910088,1.364061,4920.029745
2022-08-24,21575.352045,1.360345,5003.403759
2022-08-25,22218.876557,1.370735,4920.758538
2022-08-26,23047.526718,1.379095,4950.707381
2022-08-27,23601.814205,1.376187,4924.562047
2022-08-28,23182.385776,1.377428,5022.470803
2022-08-29,22741.96506,1.382314,4999.744375
2022-08-30,23166.912669,1.3877,5058.67141
2022-08-31,23896.236128,1.394606,5100.351244
2022-09-01,22313.273943,1.396119,5113.103658
2022-09-02,24039.861688,1.394836,5065.378426
2022-09-03,23181.268195,1.394046,5116.572586
2022-09-04,24467.218106,1.384386,5144.239762
2022-09-05,24547.611402,1.388176,5078.598467
2022-09-06,23858.093826,1.382482,5076.472875
2022-09-07,25057.408586,1.380106,5122.565732
2022-09-08,24593.47437,1.372799,5065.882262
2022-09-09,23260.895562,1.371017,5099.715027
2022-09-10,24354.767998,1.362752,5100.922956
2022-09-11,22984.437703,1.362479,5080.649321
2022-09-12,22192.916133,1.369209,5105.057467
2022-09-13,21249.437598,1.374743,5129.160722
2022-09-14,20100.06971,1.388904,5146.754898
2022-09-15,19723.213944,1.380757,5129.384154
2022-09-16,20308.734623,1.375666,5274.275779
2022-09-17,22087.347587,1.372322,5302.615983
2022-09-18,21304.762298,1.375513,5274.756512
2022-09-19,22183.592302,1.375344,5359.297879
2022-09-20,22075.10253,1.368356,5231.671194
2022-09-21,22284.301681,1.359872,5201.475718
2022-09-22,22248.677574,1.379445,5271.782826
2022-09-23,22292.336165,1.394811,5263.563162
2022-09-24,21883.360757,1.398364,5253.385058
2022-09-25,21784.607174,1.399407,5276.628275
2022-09-26,20754.149524,1.393455,5305.164213
2022-09-27,20293.299712,1.391721,5323.997287
2022-09-28,20714.715416,1.396769,5328.303682
2022-09-29,21212.767767,1.402775,5360.72202
2022-09-30,22302.767914,1.394739,5402.428954
2022-10-01,21891.935702,1.39955,5304.88445
2022-10-02,21225.856594,1.394327,5410.69163
2022-10-03,20621.257534,1.396998,5461.912176
2022-10-04,21964.724364,1.402587,5450.129909
2022-10-05,22815.037249,1.396378,5435.761039
2022-10-06,23179.342447,1.399627,5444.656004
2022-10-07,24815.729588,1.401189,5516.925046
2022-10-08,25506.14877,1.383599,5467.845216
2022-10-09,24803.602842,1.382187,5525.977798
2022-10-10,23839.505443,1.38305,5565.436085
2022-10-11,23642.899494,1.382217,5637.265692
2022-10-12,24833.148267,1.392489,5663.152818
2022-10-13,25963.820721,1.395199,5670.119781
2022-10-14,27016.840789,1.396045,5734.072257
2022-10-15,26481.663527,1.394427,5605.864465
2022-10-16,25339.490351,1.38961,5635.660721
2022-10-17,25616.38901,1.388462,5660.502344
2022-10-18,24002.633946,1.37966,5657.514404
2022-10-19,24082.349613,1.370735,5574.652976
2022-10-20,25318.031465,1.386394,5566.221957
2022-10-21,24795.664035,1.386339,5557.797413
2022-10-22,27244.306832,1.382865,5548.98212
2022-10-23,28371.985123,1.383786,5678.214109
2022-10-24,27387.821552,1.383516,5691.955482
2022-10-25,25990.034345,1.381274,5688.761321
2022-10-26,27142.565599,1.37583,5635.897958
2022-10-27,28800.929289,1.366152,5588.013998
2022-10-28,29450.046836,1.363231,5685.856118
2022-10-29,29442.25894,1.356664,5734.477421
2022-10-30,30164.524912,1.353866,5750.601144
2022-10-31,30144.531938,1.352113,5714.11511
2022-11-01,29667.894544,1.351904,5776.416243
2022-11-02,28502.383648,1.345823,5789.357075
2022-11-03,30536.045853,1.342487,5891.068253
2022-11-04,30577.944,1.333764,5895.412036
2022-11-05,29214.109303,1.334605,5924.528657
2022-11-06,30731.430903,1.337537,5864.391457
2022-11-07,30850.346939,1.341242,5865.608872
2022-11-08,31855.370369,1.34629,5837.637289
2022-11-09,32873.480217,1.338272,5859.39594
2022-11-10,32524.677663,1.328285,5780.649617
2022-11-11,33066.350958,1.335073,5707.776413
2022-11-12,32361.228892,1.344473,5712.641559
2022-11-13,30973.083328,1.352321,5672.993723
2022-11-14,29818.269575,1.350347,5635.127065
2022-11-15,29853.937689,1.344231,5632.598038
2022-11-16,30564.184126,1.337875,5613.310952
2022-11-17,31254.519274,1.338167,5541.084209
2022-11-18,32871.704199,1.334339,5508.654333
2022-11-19,32307.735527,1.328954,5476.778955
2022-11-20,31498.023272,1.322658,5414.961778
2022-11-21,30937.657797,1.31755,5426.981104
2022-11-22,27545.049254,1.320019,5439.569632
2022-11-23,27421.45418,1.315547,5534.442248
2022-11-24,27263.675029,1.316528,5527.103496
2022-11-25,26275.031859,1.315739,5508.739376
2022-11-26,27132.145811,1.322895,5581.687843
2022-11-27,27513.239369,1.32157,5538.394854
2022-11-28,29018.463221,1.314688,5606.582366
2022-11-29,29370.216246,1.312444,5581.357326
2022-11-30,30371.79365,1.313027,5613.535173
2022-12-01,30255.2655,1.31528,5541.781675
2022-12-02,30254.281895,1.308225,5690.068803
2022-12-03,27066.759914,1.314566,5797.659024
2022-12-04,25630.403884,1.316693,5740.857937
2022-12-05,25145.521268,1.30806,5783.716227
2022-12-06,26106.777172,1.314857,5763.980272
2022-12-07,25644.38739,1.319906,5769.811742
2022-12-08,25141.008754,1.325005,5784.856946
2022-12-09,25730.248026,1.318003,5719.55707
2022-12-10,25070.290483,1.314772,5694.711819
2022-12-11,24424.992112,1.314153,5717.945147
2022-12-12,24050.026007,1.309468,5716.549642
2022-12-13,24769.445787,1.311635,5756.52899
2022-12-14,26807.022436,1.315465,5799.425485
2022-12-15,26594.135152,1.314365,5952.490886
2022-12-16,26789.45228,1.312784,5926.657159
2022-12-17,27028.497164,1.320345,5909.483942
2022-12-18,27461.743275,1.319762,5920.188324
2022-12-19,26693.680258,1.323194,5979.421978
2022-12-20,29106.144362,1.321349,5927.057989
2022-12-21,28987.880863,1.32968,5933.199354
2022-12-22,28594.066211,1.313213,5882.5325
2022-12-23,27273.294187,1.322535,5923.244096
2022-12-24,30338.202859,1.321195,5952.202038
2022-12-25,32027.477566,1.319908,6066.526807
2022-12-26,33393.714334,1.314845,6159.877889
2022-12-27,34270.920986,1.314196,6189.675858
2022-12-28,34757.027453,1.310026,6302.859527
2022-12-29,37500.34136,1.308846,6349.838304
2022-12-30,36841.137668,1.302509,6295.090862
2022-12-31,34755.830203,1.289683,6371.251745
2023-01-01,34631.251515,1.275294,6304.666024
2023-01-02,35400.457661,1.273487,6309.255814
2023-01-03,37893.514744,1.278566,6338.73304
2023-01-04,38311.777328,1.278523,6338.687129
2023-01-05,38528.09187,1.276535,6447.28289
2023-01-06,37992.142218,1.276838,6445.226843
2023-01-07,38151.847222,1.285269,6502.951483
2023-01-08,38861.898653,1.289455,6527.156572
2023-01-09,40378.426801,1.287152,6570.360526
2023-01-10,40636.44544,1.290857,6466.900289
2023-01-11,40460.460577,1.301205,6429.049988
2023-01-12,40307.606599,1.306232,6437.635507
2023-01-13,38487.54734,1.314341,6440.326196
2023-01-14,38011.087483,1.318908,6568.601064
2023-01-15,38796.398412,1.311781,6514.295549
2023-01-16,38248.855957,1.311128,6413.663325
2023-01-17,40173.79596,1.305886,6482.681924
2023-01-18,39493.410743,1.315937,6491.933119
2023-01-19,40262.720267,1.316784,6573.517946
2023-01-20,41542.940436,1.32686,6494.268579
2023-01-21,41011.224581,1.325508,6570.836431
2023-01-22,40846.518699,1.322001,6698.837831
2023-01-23,41627.892823,1.331576,6703.544676
2023-01-24,42879.931241,1.320712,6649.959036
2023-01-25,41627.526191,1.325466,6637.218269
2023-01-26,40047.673404,1.322777,6524.260818
2023-01-27,37837.461673,1.312661,6445.076872
2023-01-28,34918.454712,1.310931,6514.862462
2023-01-29,36019.266383,1.307881,6379.164551
2023-01-30,34242.068733,1.307702,6312.797682
2023-01-31,34280.962082,1.301133,6230.845245
2023-02-01,34629.675003,1.302178,6269.171536
2023-02-02,33248.942127,1.30892,6399.272948
2023-02-03,33053.246414,1.312366,6594.123533
2023-02-04,33880.014018,1.312645,6524.771579
2023-02-05,33136.710262,1.315603,6608.617336
2023-02-06,32679.534453,1.307347,6560.068114
2023-02-07,32670.920624,1.303341,6490.581699
2023-02-08,33401.453035,1.31308,6353.561475
2023-02-09,32364.002593,1.304976,6414.010308
2023-02-10,30111.740736,1.310676,6485.507338
2023-02-11,31240.669148,1.311837,6372.033494
2023-02-12,29740.029731,1.316166,6421.129777
2023-02-13,28381.061703,1.314727,6320.293891
2023-02-14,27397.291536,1.312,6273.438238
2023-02-15,27077.668796,1.310927,6179.08117
2023-02-16,27004.108924,1.301606,6219.783512
2023-02-17,27212.58514,1.297044,6209.712832
2023-02-18,27393.639622,1.298875,6243.399214
2023-02-19,28641.289376,1.299801,6280.427089
2023-02-20,29230.015498,1.304278,6241.700706
2023-02-21,28176.577548,1.303556,6279.664308
2023-02-22,28979.287947,1.302823,6303.748016
2023-02-23,28378.409756,1.298903,6271.224463
2023-02-24,28476.460963,1.301328,6334.812864
2023-02-25,27807.876055,1.30542,6321.08384
2023-02-26,27848.220232,1.301983,6379.270637
2023-02-27,28353.572865,1.302579,6333.023307
2023-02-28,28876.384407,1.30962,6274.200487
2023-03-01,29719.804108,1.305904,6335.554412
2023-03-02,30799.11906,1.315369,6375.243042
2023-03-03,30434.727356,1.318336,6280.17107
2023-03-04,29218.218641,1.325129,6270.611269
2023-03-05,27849.400148,1.32486,6331.666047
2023-03-06,27945.856595,1.334934,6200.130851
2023-03-07,28933.450971,1.338799,6183.659042
2023-03-08,31216.099439,1.330368,6269.799173
2023-03-09,31108.10789,1.328387,6281.106584
2023-03-10,30912.707319,1.323266,6368.313316
2023-03-11,30574.732622,1.326539,6266.336468
2023-03-12,29917.630716,1.317726,6346.036879
2023-03-13,31270.799499,1.319443,6365.841213
2023-03-14,33751.069751,1.314939,6246.644243
2023-03-15,33896.969041,1.308784,6244.930742
2023-03-16,34627.711138,1.302614,6295.969613
2023-03-17,33925.158783,1.298012,6286.88736
2023-03-18,34440.524486,1.303608,6257.632397
2023-03-19,33281.974906,1.308974,6305.375009
2023-03-20,32599.604381,1.303376,6358.714771
2023-03-21,32720.006708,1.306802,6504.220604
2023-03-22,34732.697037,1.301698,6569.916932
2023-03-23,38827.866158,1.293864,6473.994607
2023-03-24,37509.411948,1.293304,6514.353797
2023-03-25,36936.575357,1.29102,6520.957515
2023-03-26,37391.784057,1.288152,6486.685682
2023-03-27,37851.748104,1.292265,6496.223804
2023-03-28,36577.20239,1.295276,6540.227151
2023-03-29,35921.976189,1.278188,6658.925722
2023-03-30,35484.075286,1.279354,6595.300615
2023-03-31,35441.497335,1.278055,6572.123057
2023-04-01,35970.65988,1.275855,6523.111402
2023-04-02,36084.770137,1.278638,6512.721514
2023-04-03,36731.404464,1.282652,6520.209962
2023-04-04,38063.547711,1.281772,6630.187649
2023-04-05,36257.712394,1.289349,6632.866238
2023-04-06,37065.769557,1.294694,6544.909948
2023-04-07,37829.456594,1.285744,6622.879979
2023-04-08,37741.528972,1.291449,6622.870797
2023-04-09,36292.833707,1.28967,6674.18263
2023-04-10,37241.309962,1.296343,6531.309689
2023-04-11,36902.171923,1.30069,6530.039278
2023-04-12,37028.65766,1.295879,6506.450625
2023-04-13,36584.67104,1.293193,6557.234135
2023-04-14,37183.361538,1.291957,6603.027375
2023-04-15,36651.93691,1.284573,6613.424092
2023-04-16,35945.590935,1.28535,6595.768361
2023-04-17,37917.525295,1.292652,6651.787444
2023-04-18,36187.58922,1.28855,6701.741411
2023-04-19,36136.417045,1.288258,6561.862858
2023-04-20,35486.5805,1.280087,6627.340874
2023-04-21,34315.533911,1.28713,6685.72647
2023-04-22,33345.885818,1.285737,6663.716767
2023-04-23,36153.056211,1.304304,6591.304684
2023-04-24,35035.04209,1.306691,6649.833468
2023-04-25,35469.628633,1.299919,6650.29057
2023-04-26,36476.657189,1.290989,6578.54922
2023-04-27,35992.461409,1.292646,6682.15933
2023-04-28,34330.702071,1.298058,6747.277783
2023-04-29,33513.36755,1.300372,6746.036263
2023-04-30,34125.349248,1.311957,6785.188519
2023-05-01,32183.855186,1.305059,6717.492477
2023-05-02,33809.285639,1.308118,6737.042774
2023-05-03,35122.684757,1.302444,6761.659469
2023-05-04,36902.74309,1.306223,6748.448227
2023-05-05,35735.894122,1.304448,6803.808259
2023-05-06,33715.239203,1.301105,6767.09609
2023-05-07,35569.074554,1.299065,6586.479761
2023-05-08,35689.453836,1.302296,6524.142674
2023-05-09,36891.232265,1.292927,6626.268099
2023-05-10,36878.177371,1.289443,6600.111191
2023-05-11,35911.716022,1.291792,6523.815711
2023-05-12,37009.693161,1.291973,6581.107735
2023-05-13,37636.125503,1.287053,6570.184588
2023-05-14,37349.527345,1.291569,6590.174562
2023-05-15,35076.840581,1.288899,6534.383302
2023-05-16,36922.775721,1.282321,6569.619731
2023-05-17,38538.194997,1.291436,6498.479214
2023-05-18,38714.136187,1.291898,6518.933075
2023-05-19,38497.941519,1.281119,6493.529285
2023-05-20,37663.241894,1.276228,6504.335639
2023-05-21,38713.399487,1.274571,6537.180935
2023-05-22,38448.698611,1.276998,6561.085941
2023-05-23,39187.105987,1.283006,6566.022
2023-05-24,38409.935988,1.288212,6444.189591
2023-05-25,38655.044346,1.28227,6467.755467
2023-05-26,39689.57077,1.259287,6365.861391
2023-05-27,39807.611086,1.251361,6450.808737
2023-05-28,39174.051266,1.245592,6481.410153
2023-05-29,40430.695031,1.241062,6466.740277
2023-05-30,40657.593337,1.243006,6465.851755
2023-05-31,42162.4053,1.238112,6537.873506
2023-06-01,43903.169477,1.23741,6454.056241
2023-06-02,43204.010155,1.233574,6439.132984
2023-06-03,43450.842448,1.230849,6568.645542
2023-06-04,41715.4869,1.232804,6580.062284
2023-06-05,41784.32284,1.224297,6580.301077
2023-06-06,40139.767187,1.221917,6546.894332
2023-06-07,41457.63104,1.217978,6400.478601
2023-06-08,38739.224412,1.212682,6452.018529
2023-06-09,39544.678763,1.206666,6499.293859
2023-06-10,38328.487079,1.205302,6362.448912
2023-06-11,35314.444963,1.200415,6306.155274
2023-06-12,35737.549356,1.207125,6296.360487
2023-06-13,36063.753736,1.213176,6319.189
2023-06-14,38052.244539,1.212833,6358.796924
2023-06-15,39408.061379,1.217302,6380.969226
2023-06-16,39674.636754,1.220868,6335.680207
2023-06-17,38354.097314,1.221908,6274.305971
2023-06-18,39534.609816,1.221355,6336.748105
2023-06-19,39311.192257,1.223617,6246.115187
2023-06-20,42192.35015,1.215485,6278.001849
2023-06-21,43508.190469,1.214319,6272.644788
2023-06-22,45007.985683,1.212846,6183.126992
2023-06-23,44522.307199,1.209557,6169.041178
2023-06-24,46774.736685,1.19953,6074.488408
2023-06-25,47971.718525,1.201941,6075.104062
2023-06-26,48456.797242,1.198514,6105.782767
2023-06-27,48907.407027,1.205568,6187.225012
2023-06-28,50682.08039,1.211612,6224.361771
2023-06-29,50266.509683,1.214585,6279.388989
2023-06-30,48156.747696,1.226439,6241.59502
2023-07-01,49056.290516,1.223949,6201.881262
2023-07-02,47636.645706,1.220194,6258.546106
2023-07-03,46134.255046,1.221214,6354.850317
2023-07-04,44315.668793,1.22752,6329.163075
2023-07-05,44944.933219,1.233734,6288.168363
2023-07-06,46419.148865,1.233169,6260.27482
2023-07-07,46347.542823,1.234516,6205.057221
2023-07-08,47714.407237,1.247095,6165.041101
2023-07-09,48976.140308,1.242738,6141.105357
2023-07-10,47890.369718,1.242282,6098.510194
2023-07-11,47104.524382,1.237335,6127.779758
2023-07-12,44308.03532,1.236799,6145.38825
2023-07-13,43346.956947,1.237412,6194.593989
2023-07-14,43672.145725,1.235561,6128.517457
2023-07-15,43814.191795,1.233361,6188.171721
2023-07-16,42964.697532,1.231608,6287.243357
2023-07-17,43116.595438,1.227156,6208.128447
2023-07-18,42035.431833,1.221287,6208.473451
2023-07-19,42870.440665,1.221212,6195.329213
2023-07-20,40294.66995,1.221986,6116.436865
2023-07-21,39467.896378,1.222174,6084.42061
2023-07-22,37918.964129,1.231846,6110.908274
2023-07-23,39795.96775,1.230105,6074.781492
2023-07-24,39716.069829,1.232224,6072.555547
2023-07-25,40775.956098,1.229633,6072.798479
2023-07-26,37723.670535,1.220076,6187.823257
2023-07-27,39106.930018,1.227042,6195.699876
2023-07-28,38362.415208,1.235076,6268.304519
2023-07-29,37009.414355,1.222885,6219.086502
2023-07-30,35643.426647,1.221058,6273.765438
2023-07-31,37241.068838,1.219029,6326.774584
2023-08-01,35534.814913,1.221186,6258.943354
2023-08-02,34927.912956,1.210918,6290.948972
2023-08-03,36040.736899,1.21201,6244.344675
2023-08-04,33067.615947,1.213574,6239.808051
2023-08-05,36501.936974,1.218163,6265.789203
2023-08-06,36939.154829,1.22285,6270.767143
2023-08-07,34647.760563,1.229678,6209.024982
2023-08-08,34088.397487,1.230177,6157.985224
2023-08-09,33719.67643,1.236447,6104.260192
2023-08-10,32533.082761,1.233402,6100.646679
2023-08-11,32662.175258,1.22379,6165.295395
2023-08-12,31357.644775,1.213596,6177.15628
2023-08-13,32785.228379,1.219006,6136.745798
2023-08-14,33041.367989,1.212757,6132.422948
2023-08-15,34909.364237,1.21495,6149.664181
2023-08-16,33510.617958,1.21877,6122.123598
2023-08-17,33686.475396,1.226619,6019.685723
2023-08-18,32434.266461,1.228429,6120.51951
2023-08-19,33171.669486,1.240124,6094.311087
2023-08-20,34152.597061,1.245101,6141.616945
2023-08-21,32547.307562,1.236155,6161.116798
2023-08-22,32325.944315,1.228447,6163.442095
2023-08-23,30463.414681,1.212883,6115.0077
2023-08-24,30661.735002,1.209119,6106.718368
2023-08-25,31765.404096,1.212981,6094.946533
2023-08-26,31389.647513,1.224962,5997.54152
2023-08-27,29056.982524,1.221889,6095.080995
2023-08-28,26751.524317,1.217003,6170.931852
2023-08-29,27553.457413,1.224041,6244.910044
2023-08-30,26379.270322,1.214104,6286.873768
2023-08-31,25437.515503,1.21983,6388.048727
2023-09-01,25295.998551,1.221814,6402.053159
2023-09-02,25641.845872,1.213834,6324.946694
2023-09-03,24721.304748,1.218352,6241.45243
2023-09-04,25458.047026,1.224811,6233.471894
2023-09-05,26925.553972,1.21223,6188.198764
2023-09-06,28227.105194,1.209973,6267.699417
2023-09-07,28835.477686,1.211818,6239.787285
2023-09-08,29189.439027,1.223017,6211.418093
2023-09-09,31131.890793,1.217576,6198.966022
2023-09-10,30278.269126,1.223323,6190.38886
2023-09-11,31543.149549,1.237447,6094.995912
2023-09-12,31320.800556,1.231591,6055.276388
2023-09-13,30936.593242,1.228181,6031.40836
2023-09-14,31407.539969,1.231969,6020.558999
2023-09-15,31858.37788,1.231847,6024.587902
2023-09-16,31854.930509,1.237908,5907.195681
2023-09-17,29069.707183,1.246476,5937.35087
2023-09-18,29450.646152,1.247573,5941.566641
2023-09-19,29480.714625,1.243075,5969.016671
2023-09-20,29943.944395,1.2473,5905.924009
2023-09-21,29169.64914,1.250379,5921.88237
2023-09-22,31271.098159,1.248951,5896.367285
2023-09-23,32147.737793,1.248523,5871.368003
2023-09-24,31019.902969,1.253395,5885.461486
2023-09-25,30883.745936,1.258582,5950.017682
2023-09-26,31624.263147,1.252544,5873.61415
2023-09-27,33023.713077,1.255974,5925.938921
2023-09-28,32741.135037,1.256252,5968.900564
2023-09-29,32407.959022,1.255978,6027.488693
2023-09-30,32920.369126,1.251861,5970.053759
2023-10-01,33432.886386,1.246423,5998.31633
2023-10-02,34088.52214,1.246197,6112.504026
2023-10-03,32498.037744,1.241477,6221.579889
2023-10-04,31669.323357,1.246143,6260.248991
2023-10-05,32484.742529,1.244698,6286.371019
2023-10-06,32476.686015,1.246051,6259.705854
2023-10-07,33930.106804,1.237697,6226.672622
2023-10-08,36424.297645,1.234612,6233.769865
2023-10-09,35301.717605,1.236009,6201.251716
2023-10-10,34865.577538,1.232115,6218.626504
2023-10-11,32922.166459,1.232913,6128.630026
2023-10-12,33636.682567,1.229056,6124.031864
2023-10-13,32935.6246,1.230335,6136.446348
2023-10-14,33137.439968,1.238341,6149.584218
2023-10-15,33857.89851,1.233614,6099.396586
2023-10-16,34575.710299,1.223618,6080.231054
2023-10-17,35589.490586,1.221141,6148.188854
2023-10-18,34485.129345,1.221489,6066.212965
2023-10-19,34653.866395,1.219267,6082.741914
2023-10-20,33929.007359,1.217183,6135.451529
2023-10-21,34794.622631,1.217953,6236.082065
2023-10-22,34693.419605,1.216499,6247.636769
2023-10-23,32161.055541,1.214633,6302.590328
2023-10-24,31632.672694,1.211322,6282.947075
2023-10-25,32453.960838,1.21458,6250.777383
2023-10-26,31049.979919,1.228136,6135.460931
2023-10-27,29933.005973,1.229758,6147.430391
2023-10-28,30562.824477,1.227508,6193.509906
2023-10-29,30043.896003,1.229349,6136.408807
2023-10-30,29889.875385,1.224975,6038.885617
2023-10-31,30043.825408,1.223811,6130.853755
2023-11-01,30436.820741,1.231751,6032.118551
2023-11-02,30817.378924,1.2316,6114.707066
2023-11-03,30101.601295,1.223051,6101.315588
2023-11-04,30484.327526,1.222524,6126.236646
2023-11-05,31556.598681,1.225251,6155.053955
2023-11-06,32069.52579,1.215466,6121.367455
2023-11-07,32667.680999,1.22134,6024.007228
2023-11-08,31785.932963,1.231239,6002.506762
2023-11-09,30789.456621,1.230471,6031.38691
2023-11-10,31600.48452,1.228237,6055.003563
2023-11-11,31923.869695,1.223236,6074.177112
2023-11-12,34621.092986,1.215508,6094.502147
2023-11-13,32706.568947,1.223791,6016.619663
2023-11-14,33417.506995,1.214287,6030.192507
2023-11-15,34183.200362,1.222268,6095.340475
2023-11-16,32256.136935,1.214689,6022.185026
2023-11-17,33031.584555,1.208228,5984.96384
2023-11-18,32651.442305,1.225435,5997.454641
2023-11-19,32442.145948,1.223372,5951.896624
2023-11-20,31045.393893,1.221765,5978.144888
2023-11-21,33632.188868,1.222288,6016.539781
2023-11-22,34632.634375,1.212934,6007.777006
2023-11-23,34888.622721,1.211475,5991.078762
2023-11-24,34254.654107,1.214789,5921.075299
2023-11-25,33392.689856,1.222616,5879.378993
2023-11-26,32028.312453,1.228379,5878.683701
2023-11-27,33623.906662,1.22933,5896.025838
2023-11-28,33402.385203,1.225274,5844.356495
2023-11-29,32332.395806,1.22529,5833.891642
2023-11-30,33024.264234,1.22289,5856.013454
2023-12-01,33488.83052,1.20952,5891.139095
2023-12-02,33763.148372,1.211379,5843.411842
2023-12-03,34791.903853,1.202436,5853.42988
2023-12-04,32556.490615,1.209105,5844.866671
2023-12-05,30791.912421,1.212445,5844.435726
2023-12-06,29605.323764,1.207794,5800.297332
2023-12-07,30176.142358,1.208511,5894.468107
2023-12-08,30291.12436,1.212111,5929.993898
2023-12-09,31244.376172,1.21156,5843.463494
2023-12-10,31462.769883,1.213494,5852.493933
2023-12-11,31785.176597,1.205318,5900.107996
2023-12-12,31599.718568,1.205633,5935.954611
2023-12-13,29964.34416,1.206293,5840.566237
2023-12-14,29966.74168,1.20308,5805.476887
2023-12-15,32170.378008,1.204788,5871.531884
2023-12-16,30318.532283,1.218317,5978.822093
2023-12-17,31952.424192,1.212058,5943.449647
2023-12-18,30767.114542,1.217216,5896.331637
2023-12-19,30027.18669,1.220695,5929.328868
2023-12-20,29490.665925,1.222964,6068.025326
2023-12-21,29380.43211,1.232859,6126.234575
2023-12-22,29729.806707,1.237095,6127.449283
2023-12-23,28756.393811,1.237684,6089.377881
2023-12-24,26554.057173,1.230347,6127.416883
2023-12-25,28015.053061,1.235832,6158.168131
2023-12-26,27610.114726,1.228336,6143.905321
2023-12-27,27623.967337,1.22466,6044.771162
2023-12-28,27516.849633,1.227293,6075.851468
2023-12-29,28341.340722,1.222202,6151.404672
2023-12-30,27824.316997,1.226317,5969.581532
2023-12-31,28035.245476,1.230147,5943.176833
2024-01-01,29120.742383,1.223523,5966.410097
2024-01-02,28808.461744,1.225803,6026.301897
2024-01-03,29088.780631,1.229303,6166.629878
2024-01-04,28307.286374,1.236174,6276.050643
2024-01-05,27163.311454,1.237545,6225.715764
2024-01-06,26382.371265,1.229476,6290.414177
2024-01-07,25500.48126,1.225798,6328.089034
2024-01-08,25760.161642,1.224503,6338.911371
2024-01-09,24159.178152,1.213817,6440.569322
2024-01-10,24848.378945,1.218594,6391.836871
2024-01-11,23712.956233,1.220594,6370.598167
2024-01-12,22404.376362,1.216876,6395.744718
2024-01-13,23230.719465,1.213214,6483.798055
2024-01-14,22806.8121,1.209892,6517.311189
2024-01-15,22211.024126,1.210368,6449.587198
2024-01-16,20773.973606,1.210426,6484.811246
2024-01-17,21523.193655,1.211685,6453.985431
2024-01-18,21324.864511,1.212132,6465.924955
2024-01-19,21103.717899,1.201616,6404.901107
2024-01-20,20225.193179,1.207999,6379.034901
2024-01-21,20029.972753,1.202779,6382.523364
2024-01-22,18641.242547,1.206247,6414.611291
2024-01-23,18272.833911,1.200707,6418.699121
2024-01-24,18303.999034,1.197676,6464.89172
2024-01-25,17357.740758,1.193211,6412.190243
2024-01-26,18780.006399,1.205932,6350.784999
2024-01-27,19946.525002,1.198678,6282.459814
2024-01-28,20973.074099,1.199851,6319.654357
2024-01-29,22373.488538,1.191501,6342.463121
2024-01-30,21684.888022,1.199953,6311.255565
2024-01-31,21035.486004,1.201733,6381.125755
2024-02-01,20962.615301,1.201762,6311.491245
2024-02-02,21225.809933,1.198044,6337.743677
2024-02-03,22199.052972,1.193171,6361.248391
2024-02-04,22854.458198,1.191189,6387.217556
2024-02-05,24018.773567,1.197931,6254.563813
2024-02-06,23993.104905,1.195556,6202.52713
2024-02-07,24206.22952,1.194391,6238.973823
2024-02-08,23836.173249,1.199575,6246.146213
2024-02-09,23084.504732,1.198768,6310.424979
2024-02-10,23363.178218,1.209629,6370.119956
2024-02-11,23540.517307,1.212894,6358.566791
2024-02-12,23823.63386,1.208797,6277.249502
2024-02-13,23035.450431,1.208245,6253.537667
2024-02-14,25200.628588,1.203851,6268.933106
2024-02-15,24063.149487,1.197663,6182.903835
2024-02-16,23413.130315,1.197495,6125.515137
2024-02-17,25018.775424,1.195349,6218.652515
2024-02-18,25215.125974,1.180998,6254.835338
2024-02-19,26708.912028,1.186467,6244.607274
2024-02-20,25820.00854,1.185528,6285.687987
2024-02-21,26280.01148,1.187415,6361.254662
2024-02-22,26829.533142,1.183731,6321.279367
2024-02-23,25396.607111,1.19024,6276.934805
2024-02-24,25209.51258,1.194782,6239.543258
2024-02-25,25763.407094,1.195831,6330.68011
2024-02-26,26965.803024,1.19743,6341.10533
2024-02-27,26928.913599,1.20073,6304.972344
2024-02-28,27603.716422,1.192835,6402.308312
2024-03-01,26694.359658,1.191119,6511.355068
2024-03-02,26136.207834,1.19493,6412.628836
2024-03-03,26820.586453,1.200683,6433.713789
2024-03-04,26142.432271,1.196112,6514.824825
2024-03-05,26395.796769,1.197833,6448.346671
2024-03-06,27496.042322,1.193346,6521.008142
2024-03-07,27369.326208,1.192714,6507.677165
2024-03-08,27017.561175,1.191082,6530.71409
2024-03-09,27311.894545,1.191378,6569.506523
2024-03-10,27934.755173,1.189043,6577.724978
2024-03-11,29516.71956,1.189412,6600.259523
2024-03-12,30965.79501,1.19347,6552.761765
2024-03-13,32548.807873,1.190678,6518.006957
2024-03-14,36701.310176,1.192259,6493.626482
2024-03-15,38951.157258,1.186429,6415.028338
2024-03-16,40178.46477,1.191729,6403.478386
2024-03-17,38414.797708,1.187892,6406.769243
2024-03-18,39203.709596,1.189985,6288.543797
2024-03-19,39419.956459,1.188949,6174.96383
2024-03-20,37169.312379,1.193565,6192.533827
2024-03-21,37308.716492,1.193692,6159.163479
2024-03-22,35728.935088,1.19699,6057.857006
2024-03-23,35872.446495,1.202893,6058.001629
2024-03-24,37254.989873,1.202892,6049.314629
2024-03-25,37092.167397,1.211966,6042.851123
2024-03-26,35379.545717,1.216125,6042.998863
2024-03-27,34628.250818,1.219923,5920.763609
2024-03-28,33628.424176,1.226425,6009.414914
2024-03-29,34304.303877,1.224587,5958.428236
2024-03-30,35942.712904,1.223634,6066.914261
2024-03-31,37847.099953,1.233594,6060.987497
2024-04-01,37043.813144,1.236267,6121.539681
2024-04-02,35228.459232,1.243205,6129.775549
2024-04-03,33893.499318,1.242392,6112.400145
2024-04-04,34833.55794,1.246864,6109.978617
2024-04-05,38313.042169,1.243798,6020.155363
2024-04-06,39027.007712,1.247683,5958.558536
2024-04-07,38294.474722,1.236752,5981.395829
2024-04-08,40926.359986,1.248848,5960.784236
2024-04-09,39279.347342,1.239187,6019.631004
2024-04-10,40542.089558,1.235627,6019.91985
2024-04-11,37692.637183,1.233527,5937.589341
2024-04-12,39001.775784,1.23387,5849.117023
2024-04-13,40729.26703,1.23027,5787.735864
2024-04-14,42795.091337,1.224612,5824.630664
2024-04-15,42127.844003,1.218433,5713.337183
2024-04-16,42400.517154,1.218218,5728.320001
2024-04-17,39657.615929,1.215862,5813.326924
2024-04-18,41032.594072,1.213284,5841.12855
2024-04-19,40706.311239,1.21717,5818.399412
2024-04-20,42365.129301,1.212485,5830.384466
2024-04-21,42566.164153,1.219272,5880.561042
2024-04-22,42319.749395,1.215111,5836.846007
2024-04-23,43672.191378,1.210675,5818.699791
2024-04-24,41742.631356,1.214357,5841.86683
2024-04-25,41475.746591,1.21283,5905.499284
2024-04-26,42123.419362,1.211425,5938.643806
2024-04-27,41334.903369,1.21316,5938.39419
2024-04-28,38956.926903,1.218821,5850.684751
2024-04-29,40992.330058,1.219338,5809.668477
2024-04-30,42526.88948,1.230851,5825.525908
2024-05-01,40265.185685,1.233265,5803.060367
2024-05-02,38838.431237,1.223948,5849.486633
2024-05-03,37890.789119,1.215542,5781.847653
2024-05-04,38041.626511,1.215478,5801.83724
2024-05-05,38379.08463,1.210833,5765.765751
2024-05-06,36383.397166,1.207747,5724.425654
2024-05-07,35883.335836,1.214887,5694.438396
2024-05-08,37472.582298,1.215353,5637.939322
2024-05-09,36822.504678,1.219417,5708.827148
2024-05-10,36784.991109,1.22148,5771.856409
2024-05-11,36859.694158,1.21397,5750.067159
2024-05-12,37559.430914,1.204646,5748.126647
2024-05-13,37240.405373,1.198443,5827.354775
2024-05-14,36405.844319,1.185241,5794.925933
2024-05-15,37389.643887,1.184476,5807.898947
2024-05-16,37485.320431,1.182692,5768.102188
2024-05-17,36943.667662,1.181122,5734.346187
2024-05-18,37113.358713,1.181974,5732.425725
2024-05-19,37995.371987,1.17893,5672.978842
2024-05-20,35713.69394,1.174035,5623.26863
2024-05-21,36522.762223,1.168528,5641.187876
2024-05-22,35778.882741,1.16725,5704.332892
2024-05-23,35306.166696,1.171296,5713.377126
2024-05-24,39139.152226,1.171328,5759.467452
2024-05-25,39900.276253,1.169696,5622.526424
2024-05-26,41635.039879,1.165982,5674.347479
2024-05-27,41548.114203,1.174395,5840.712908
2024-05-28,41436.532898,1.172978,5853.52208
2024-05-29,42412.885166,1.172699,5920.377588
2024-05-30,43747.683502,1.170313,6017.754479
2024-05-31,44495.260687,1.16908,6139.319744
2024-06-01,45106.09044,1.165392,6189.541294
2024-06-02,43717.478642,1.157985,6112.800354
2024-06-03,42393.828183,1.148247,6094.653986
2024-06-04,42835.527882,1.157951,6055.258619
2024-06-05,43799.883708,1.163328,6041.403273
2024-06-06,44034.502515,1.164148,5897.956619
2024-06-07,44440.077687,1.168581,5885.033725
2024-06-08,46872.900925,1.176328,5755.800544
2024-06-09,49903.565201,1.182875,5824.253784
2024-06-10,50033.689947,1.181165,5810.383677
2024-06-11,52456.849246,1.179214,5842.224311
2024-06-12,49400.566614,1.187117,5789.819825
2024-06-13,51364.216029,1.19052,5738.82603
2024-06-14,53284.409729,1.189961,5761.534277
2024-06-15,53605.458844,1.188506,5765.381513
2024-06-16,53702.002189,1.181278,5631.768799
2024-06-17,56799.733298,1.186841,5621.289105
2024-06-18,58738.491855,1.193095,5632.870721
2024-06-19,59625.163238,1.201805,5666.262657
2024-06-20,59842.358244,1.197577,5667.935593
2024-06-21,60217.771532,1.192254,5720.654185
2024-06-22,60809.916535,1.192203,5725.06136
2024-06-23,62279.767469,1.198595,5723.061387
2024-06-24,59986.91719,1.203061,5701.988307
2024-06-25,59043.831162,1.195624,5685.263847
2024-06-26,58533.883364,1.196391,5643.391986
2024-06-27,57067.007952,1.204418,5680.883949
2024-06-28,56695.447604,1.213924,5720.382625
2024-06-29,55539.337646,1.22243,5729.550246
2024-06-30,55363.365555,1.226745,5708.393476
2024-07-01,53716.069117,1.229332,5753.664328
2024-07-02,55661.864557,1.234007,5763.18421
2024-07-03,56353.897677,1.232355,5829.154459
2024-07-04,57603.328186,1.234097,5782.509806
2024-07-05,56356.813844,1.232143,5806.635462
2024-07-06,62570.557742,1.226887,5793.645864
2024-07-07,58746.428997,1.233012,5752.310124
2024-07-08,61553.875075,1.23988,5733.385931
2024-07-09,61787.473191,1.234686,5712.827284
2024-07-10,60630.131259,1.239173,5768.461878
2024-07-11,58794.611609,1.244078,5718.985423
2024-07-12,60619.526115,1.229554,5639.781398
2024-07-13,55637.673561,1.222827,5609.065732
2024-07-14,55422.302481,1.223534,5573.724938
2024-07-15,50895.744303,1.211093,5542.009488
2024-07-16,49293.595755,1.210038,5518.107236
2024-07-17,48739.291454,1.208715,5532.169075
2024-07-18,48291.395651,1.216972,5493.54094
2024-07-19,49277.967503,1.217958,5457.449184
2024-07-20,52384.822839,1.210223,5434.265674
2024-07-21,50242.690922,1.212952,5369.277802
2024-07-22,48726.269045,1.210349,5399.40193
2024-07-23,50355.400798,1.214849,5454.000768
2024-07-24,53382.323503,1.220196,5530.778841
2024-07-25,53489.134082,1.217363,5520.47942
2024-07-26,52958.361156,1.215618,5568.59607
2024-07-27,49868.091601,1.216848,5613.665565
2024-07-28,48745.912404,1.210109,5682.646304
2024-07-29,51304.322025,1.204801,5633.751608
2024-07-30,49515.481021,1.206166,5548.242113
2024-07-31,51545.901661,1.207591,5598.473421
2024-08-01,53003.669019,1.214423,5557.228837
2024-08-02,53813.616809,1.211534,5519.839207
2024-08-03,54342.323669,1.211147,5564.666545
2024-08-04,53248.830438,1.214828,5492.649428
2024-08-05,49484.414183,1.204359,5564.158087
2024-08-06,49544.460696,1.20666,5536.143762
2024-08-07,50288.23076,1.215939,5590.282032
2024-08-08,50814.587379,1.214869,5600.235562
2024-08-09,51398.112402,1.217954,5636.89832
2024-08-10,52010.516695,1.219024,5651.36761
2024-08-11,51272.408041,1.222215,5741.743445
2024-08-12,50409.591533,1.219899,5791.696526
2024-08-13,51736.925189,1.219464,5767.815625
2024-08-14,51928.707276,1.221653,5752.404906
2024-08-15,52718.166412,1.216366,5765.353717
2024-08-16,56325.816309,1.212549,5766.654026
2024-08-17,55854.156967,1.201628,5764.53119
2024-08-18,56384.392215,1.204184,5769.113506
2024-08-19,54663.726898,1.208726,5820.901644
2024-08-20,57610.332083,1.204928,5840.307321
2024-08-21,58172.693212,1.193304,5762.306519
2024-08-22,57985.994413,1.191105,5744.04395
2024-08-23,59774.717902,1.195219,5717.707567
2024-08-24,57684.6193,1.202557,5835.568091
2024-08-25,60288.098106,1.19027,5974.235066
2024-08-26,60332.727623,1.18066,5844.392456
2024-08-27,59334.490163,1.177064,5912.841237
2024-08-28,57231.973442,1.177984,5953.917478
2024-08-29,57847.622975,1.182808,5915.79484
2024-08-30,57330.939979,1.177479,5989.618995
2024-08-31,59808.517159,1.173041,5916.356178
2024-09-01,62093.701617,1.171904,5930.33234
2024-09-02,59376.276617,1.169728,5892.049142
2024-09-03,61936.550796,1.163153,5864.372104
2024-09-04,64668.860931,1.16621,5916.028858
2024-09-05,64804.837062,1.159413,6037.187273
2024-09-06,61871.796818,1.164441,6121.696369
2024-09-07,60465.869714,1.151391,6070.429628
2024-09-08,57050.955888,1.155039,6069.012727
2024-09-09,57104.256937,1.15191,6112.068821
2024-09-10,57642.650633,1.163031,6148.463782
2024-09-11,57266.349075,1.164918,6143.365873
2024-09-12,58202.401272,1.160363,6173.7862
2024-09-13,59013.295396,1.156101,6061.972794
2024-09-14,57578.053989,1.153886,6082.069278
2024-09-15,59669.974305,1.145737,6112.994693
2024-09-16,63881.285042,1.138508,6066.574786
2024-09-17,59615.247167,1.147998,6093.056948
2024-09-18,56903.78627,1.150623,6160.104584
2024-09-19,60393.526392,1.144314,6168.811534
2024-09-20,56774.93329,1.13677,6222.902692
2024-09-21,58703.265939,1.139204,6230.650374
2024-09-22,57737.726492,1.132645,6248.527452
2024-09-23,58804.251472,1.133925,6337.437571
2024-09-24,61311.245647,1.141733,6337.901486
2024-09-25,61497.404166,1.135801,6461.497962
2024-09-26,60339.199702,1.129205,6516.837173
2024-09-27,57965.713478,1.12589,6497.277918
2024-09-28,56236.220166,1.123845,6562.539271
2024-09-29,57156.069833,1.124757,6544.198334
2024-09-30,54804.069837,1.127178,6645.921198
2024-10-01,57282.077329,1.126072,6744.012853
2024-10-02,57295.873771,1.137221,6708.420158
2024-10-03,59527.703702,1.138561,6820.846921
2024-10-04,59261.813684,1.134075,6907.867191
2024-10-05,57348.726633,1.136076,6855.471311
2024-10-06,54730.691969,1.140025,6825.248943
2024-10-07,54637.923143,1.149451,6903.674722
2024-10-08,54670.656697,1.148067,6857.11294
2024-10-09,56496.412975,1.145499,6993.79471
2024-10-10,56856.481428,1.138244,6885.660862
2024-10-11,55361.753984,1.13193,6881.35678
2024-10-12,51816.315414,1.136892,6875.553898
2024-10-13,51577.576534,1.136858,6877.756522
2024-10-14,52352.722883,1.136921,6893.29964
2024-10-15,53841.560357,1.123825,6972.398645
2024-10-16,51491.678343,1.116894,7062.908544
2024-10-17,49503.144483,1.113708,7008.684083
2024-10-18,50021.215909,1.114111,7102.931417
2024-10-19,48297.515507,1.115569,7195.171965
2024-10-20,45868.126502,1.120524,7192.21542
2024-10-21,45454.428544,1.12008,7104.091888
2024-10-22,46506.127772,1.112404,7109.820275
2024-10-23,44710.437048,1.118771,7180.275885
2024-10-24,44647.898808,1.113964,7447.084749
2024-10-25,44575.394408,1.119855,7453.532606
2024-10-26,42813.008074,1.115103,7498.532985
2024-10-27,45544.288242,1.117298,7506.300704
2024-10-28,43191.347241,1.118846,7502.077159
2024-10-29,42376.879881,1.12225,7566.130663
2024-10-30,41926.228745,1.129534,7671.424853
2024-10-31,44210.912486,1.125451,7554.13436
2024-11-01,43552.764155,1.12408,7500.492052
2024-11-02,46128.107076,1.113506,7390.579058
2024-11-03,45329.130461,1.11245,7321.64868
2024-11-04,42340.896645,1.107026,7375.500877
2024-11-05,41332.64307,1.108848,7400.967283
2024-11-06,42071.663353,1.107393,7363.595615
2024-11-07,41954.400468,1.110968,7317.432398
2024-11-08,44219.671245,1.113831,7420.871482
2024-11-09,43858.475563,1.117561,7428.677697
2024-11-10,42149.778576,1.121623,7591.625737
2024-11-11,42186.071705,1.117825,7579.607258
2024-11-12,42269.437966,1.121311,7655.717763
2024-11-13,41214.242876,1.127287,7610.979355
2024-11-14,42264.277112,1.122904,7680.161434
2024-11-15,41882.697046,1.128198,7782.067698
2024-11-16,43292.636376,1.125705,7731.19343
2024-11-17,41569.218362,1.137825,7667.300274
2024-11-18,43165.216089,1.144208,7644.099929
2024-11-19,43894.545664,1.139269,7677.198556
2024-11-20,42735.88299,1.139767,7638.530187
2024-11-21,41928.00554,1.138366,7636.109656
2024-11-22,42731.252245,1.149488,7669.218217
2024-11-23,43988.947405,1.153513,7783.509029
2024-11-24,43940.780733,1.156833,7799.534885
2024-11-25,42065.622451,1.153468,7739.124248
2024-11-26,41845.454985,1.156649,7613.889389
2024-11-27,39060.55615,1.153992,7652.411587
2024-11-28,38571.782202,1.147925,7724.066852
2024-11-29,40315.374863,1.139869,7797.175353
2024-11-30,39644.544715,1.133061,7835.787056
2024-12-01,39582.492293,1.123851,7677.326744
2024-12-02,40124.190314,1.117472,7645.5993
2024-12-03,41789.425841,1.115649,7617.962079
2024-12-04,40367.686516,1.111477,7538.912184
2024-12-05,38605.570167,1.11336,7446.870519
2024-12-06,40521.060386,1.124714,7547.571202
2024-12-07,42543.340086,1.119341,7478.333552
2024-12-08,44107.425846,1.121245,7550.068492
2024-12-09,42573.555931,1.125783,7600.660903
2024-12-10,43211.997432,1.121708,7615.376297
2024-12-11,41991.85147,1.120915,7613.826621
2024-12-12,40713.009974,1.125071,7635.902555
2024-12-13,39121.177016,1.1186,7617.545449
2024-12-14,38820.637923,1.122083,7690.116901
2024-12-15,38359.885151,1.121862,7796.241804
2024-12-16,37364.866409,1.124686,7819.848522
2024-12-17,35108.638049,1.128875,7736.443853
2024-12-18,35323.426592,1.12441,7745.40046
2024-12-19,34216.504868,1.121477,7848.625892
2024-12-20,34378.821553,1.119072,7863.801089
2024-12-21,35040.585967,1.116396,7840.747485
2024-12-22,34896.645397,1.106719,7769.681412
2024-12-23,33272.812873,1.113008,7770.164053
2024-12-24,33314.247307,1.106617,7790.395647
2024-12-25,32444.697079,1.108656,7783.968025
2024-12-26,31775.466945,1.116418,7672.279384
2024-12-27,31104.57861,1.114588,7641.675132
2024-12-28,31183.158929,1.113755,7728.600714
2024-12-29,32064.622679,1.118855,7446.644337
2024-12-30,32605.142768,1.119025,7588.456817
2024-12-31,30990.55012,1.124901,7734.626562
